Timestamp,Status,Action 
Wed 10/30/2024 14:09:42.15,Not Running,Restarted 
Wed 10/30/2024 14:11:42.14,Running,No Action Needed 
Wed 10/30/2024 14:12:12.21,Running,No Action Needed 
Wed 10/30/2024 14:12:36.20,Running,No Action Needed 
Wed 10/30/2024 14:23:22.58,Running,No Action Needed 
Wed 10/30/2024 14:28:22.17,Running,No Action Needed 
Wed 10/30/2024 14:33:22.18,Running,No Action Needed 
Wed 10/30/2024 14:38:22.22,Running,No Action Needed 
Wed 10/30/2024 14:43:22.23,Running,No Action Needed 
Wed 10/30/2024 14:48:22.15,Running,No Action Needed 
Wed 10/30/2024 14:53:22.14,Running,No Action Needed 
Wed 10/30/2024 14:58:22.17,Running,No Action Needed 
Wed 10/30/2024 15:03:22.22,Running,No Action Needed 
Wed 10/30/2024 15:08:22.22,Running,No Action Needed 
Wed 10/30/2024 15:13:22.22,Running,No Action Needed 
Wed 10/30/2024 15:18:22.24,Running,No Action Needed 
Wed 10/30/2024 15:23:22.20,Running,No Action Needed 
Wed 10/30/2024 15:28:22.17,Running,No Action Needed 
Wed 10/30/2024 15:33:22.23,Running,No Action Needed 
Wed 10/30/2024 15:38:22.22,Running,No Action Needed 
Wed 10/30/2024 15:43:22.20,Running,No Action Needed 
Wed 10/30/2024 15:48:22.17,Running,No Action Needed 
Wed 10/30/2024 15:53:22.22,Running,No Action Needed 
Wed 10/30/2024 15:58:22.20,Running,No Action Needed 
Wed 10/30/2024 16:03:22.14,Running,No Action Needed 
Wed 10/30/2024 16:08:22.19,Running,No Action Needed 
Wed 10/30/2024 16:13:22.22,Running,No Action Needed 
Wed 10/30/2024 16:18:22.14,Running,No Action Needed 
Wed 10/30/2024 16:23:22.17,Running,No Action Needed 
Wed 10/30/2024 16:28:22.14,Running,No Action Needed 
Wed 10/30/2024 16:33:22.19,Running,No Action Needed 
Wed 10/30/2024 16:38:22.16,Running,No Action Needed 
Wed 10/30/2024 16:43:22.17,Running,No Action Needed 
Wed 10/30/2024 16:48:22.20,Running,No Action Needed 
Wed 10/30/2024 16:53:22.14,Running,No Action Needed 
Wed 10/30/2024 19:53:21.81,Running,No Action Needed 
Wed 10/30/2024 20:26:17.40,Not Running,Restarted 
Wed 10/30/2024 20:34:17.14,Running,No Action Needed 
Wed 10/30/2024 20:39:17.13,Running,No Action Needed 
Wed 10/30/2024 20:44:17.17,Running,No Action Needed 
Wed 10/30/2024 20:49:17.22,Running,No Action Needed 
Wed 10/30/2024 20:54:17.23,Running,No Action Needed 
Wed 10/30/2024 20:59:17.20,Running,No Action Needed 
Wed 10/30/2024 21:04:17.14,Running,No Action Needed 
Wed 10/30/2024 21:09:17.13,Running,No Action Needed 
Wed 10/30/2024 21:14:17.15,Running,No Action Needed 
Wed 10/30/2024 21:19:17.14,Running,No Action Needed 
Wed 10/30/2024 21:24:17.20,Running,No Action Needed 
Wed 10/30/2024 21:29:17.19,Running,No Action Needed 
Wed 10/30/2024 21:34:17.18,Running,No Action Needed 
Wed 10/30/2024 21:39:17.15,Running,No Action Needed 
Wed 10/30/2024 21:44:17.16,Running,No Action Needed 
Wed 10/30/2024 21:49:17.21,Running,No Action Needed 
Wed 10/30/2024 21:54:17.12,Running,No Action Needed 
Wed 10/30/2024 21:59:17.19,Running,No Action Needed 
Wed 10/30/2024 22:04:17.13,Running,No Action Needed 
Wed 10/30/2024 22:09:17.16,Running,No Action Needed 
Wed 10/30/2024 22:26:13.51,Running,No Action Needed 
Wed 10/30/2024 22:31:13.17,Running,No Action Needed 
Wed 10/30/2024 22:36:13.19,Running,No Action Needed 
Wed 10/30/2024 22:41:13.17,Running,No Action Needed 
Wed 10/30/2024 22:46:13.13,Running,No Action Needed 
Wed 10/30/2024 22:51:13.15,Running,No Action Needed 
Wed 10/30/2024 22:56:13.17,Running,No Action Needed 
Wed 10/30/2024 23:01:13.19,Running,No Action Needed 
Wed 10/30/2024 23:06:13.13,Running,No Action Needed 
Wed 10/30/2024 23:11:13.19,Running,No Action Needed 
Wed 10/30/2024 23:16:13.18,Running,No Action Needed 
Wed 10/30/2024 23:21:13.22,Running,No Action Needed 
Wed 10/30/2024 23:26:13.19,Running,No Action Needed 
Wed 10/30/2024 23:31:13.16,Running,No Action Needed 
Wed 10/30/2024 23:36:13.15,Running,No Action Needed 
Wed 10/30/2024 23:41:13.14,Running,No Action Needed 
Wed 10/30/2024 23:46:13.16,Running,No Action Needed 
Wed 10/30/2024 23:51:13.19,Running,No Action Needed 
Wed 10/30/2024 23:56:13.18,Running,No Action Needed 
Thu 10/31/2024 00:01:13.17,Running,No Action Needed 
Thu 10/31/2024 00:06:13.18,Running,No Action Needed 
Thu 10/31/2024 00:11:13.22,Running,No Action Needed 
Thu 10/31/2024 00:16:13.18,Running,No Action Needed 
Thu 10/31/2024 00:21:13.14,Running,No Action Needed 
Thu 10/31/2024 00:26:13.20,Running,No Action Needed 
Thu 10/31/2024 00:31:13.19,Running,No Action Needed 
Thu 10/31/2024 00:36:13.17,Running,No Action Needed 
Thu 10/31/2024 00:41:13.12,Running,No Action Needed 
Thu 10/31/2024 00:46:13.18,Running,No Action Needed 
Thu 10/31/2024 00:51:13.32,Running,No Action Needed 
Thu 10/31/2024 01:03:25.66,Not Running,Restarted 
Thu 10/31/2024 01:11:26.22,Running,No Action Needed 
Thu 10/31/2024 01:16:26.17,Running,No Action Needed 
Thu 10/31/2024 01:21:26.15,Running,No Action Needed 
Thu 10/31/2024 01:26:26.14,Running,No Action Needed 
Thu 10/31/2024 01:31:26.12,Running,No Action Needed 
Thu 10/31/2024 01:36:26.20,Running,No Action Needed 
Thu 10/31/2024 01:41:26.16,Running,No Action Needed 
Thu 10/31/2024 01:46:26.20,Running,No Action Needed 
Thu 10/31/2024 01:51:26.21,Running,No Action Needed 
Thu 10/31/2024 01:56:26.11,Running,No Action Needed 
Thu 10/31/2024 02:01:26.14,Running,No Action Needed 
Thu 10/31/2024 02:06:26.15,Running,No Action Needed 
Thu 10/31/2024 02:11:26.17,Running,No Action Needed 
Thu 10/31/2024 02:16:26.22,Running,No Action Needed 
Thu 10/31/2024 02:21:26.21,Running,No Action Needed 
Thu 10/31/2024 02:26:26.14,Running,No Action Needed 
Thu 10/31/2024 02:31:26.16,Running,No Action Needed 
Thu 10/31/2024 02:36:26.17,Running,No Action Needed 
Thu 10/31/2024 02:41:26.18,Running,No Action Needed 
Thu 10/31/2024 02:46:26.22,Running,No Action Needed 
Thu 10/31/2024 02:51:26.22,Running,No Action Needed 
Thu 10/31/2024 02:56:26.13,Running,No Action Needed 
Thu 10/31/2024 03:01:26.16,Running,No Action Needed 
Thu 10/31/2024 03:06:26.18,Running,No Action Needed 
Thu 10/31/2024 03:11:26.19,Running,No Action Needed 
Thu 10/31/2024 03:16:26.13,Running,No Action Needed 
Thu 10/31/2024 03:21:26.18,Running,No Action Needed 
Thu 10/31/2024 03:26:26.21,Running,No Action Needed 
Thu 10/31/2024 03:30:11.87,Not Running,Restarted 
Thu 10/31/2024 03:30:12.15,Not Running,Restarted 
Thu 10/31/2024 03:30:12.26,Not Running,Restarted 
Thu 10/31/2024 03:30:12.41,Not Running,Restarted 
Thu 10/31/2024 03:30:12.51,Not Running,Restarted 
Thu 10/31/2024 03:30:12.60,Not Running,Restarted 
Thu 10/31/2024 03:30:12.68,Not Running,Restarted 
Thu 10/31/2024 03:33:06.20,Not Running,Restarted 
Thu 10/31/2024 03:41:06.17,Running,No Action Needed 
Thu 10/31/2024 03:46:06.22,Running,No Action Needed 
Thu 10/31/2024 03:51:06.19,Running,No Action Needed 
Thu 10/31/2024 03:56:06.17,Running,No Action Needed 
Thu 10/31/2024 04:01:06.14,Running,No Action Needed 
Thu 10/31/2024 04:06:06.22,Running,No Action Needed 
Thu 10/31/2024 04:11:06.21,Running,No Action Needed 
Thu 10/31/2024 04:16:06.16,Running,No Action Needed 
Thu 10/31/2024 04:21:06.13,Running,No Action Needed 
Thu 10/31/2024 04:26:06.15,Running,No Action Needed 
Thu 10/31/2024 04:31:06.13,Running,No Action Needed 
Thu 10/31/2024 04:36:06.21,Running,No Action Needed 
Thu 10/31/2024 04:41:06.16,Running,No Action Needed 
Thu 10/31/2024 04:46:06.16,Running,No Action Needed 
Thu 10/31/2024 04:51:06.13,Running,No Action Needed 
Thu 10/31/2024 04:56:06.21,Running,No Action Needed 
Thu 10/31/2024 05:01:06.14,Running,No Action Needed 
Thu 10/31/2024 05:06:06.14,Running,No Action Needed 
Thu 10/31/2024 05:11:06.21,Running,No Action Needed 
Thu 10/31/2024 05:16:06.14,Running,No Action Needed 
Thu 10/31/2024 05:21:06.22,Running,No Action Needed 
Thu 10/31/2024 05:26:06.18,Running,No Action Needed 
Thu 10/31/2024 05:31:06.21,Running,No Action Needed 
Thu 10/31/2024 05:36:06.14,Running,No Action Needed 
Thu 10/31/2024 05:41:06.20,Running,No Action Needed 
Thu 10/31/2024 05:46:06.15,Running,No Action Needed 
Thu 10/31/2024 05:51:06.18,Running,No Action Needed 
Thu 10/31/2024 05:56:06.20,Running,No Action Needed 
Thu 10/31/2024 06:01:06.14,Running,No Action Needed 
Thu 10/31/2024 06:06:06.17,Running,No Action Needed 
Thu 10/31/2024 06:11:06.15,Running,No Action Needed 
Thu 10/31/2024 06:16:06.17,Running,No Action Needed 
Thu 10/31/2024 06:21:06.19,Running,No Action Needed 
Thu 10/31/2024 06:26:06.17,Running,No Action Needed 
Thu 10/31/2024 06:31:06.20,Running,No Action Needed 
Thu 10/31/2024 06:36:06.18,Running,No Action Needed 
Thu 10/31/2024 06:41:06.18,Running,No Action Needed 
Thu 10/31/2024 06:46:06.13,Running,No Action Needed 
Thu 10/31/2024 06:51:06.20,Running,No Action Needed 
Thu 10/31/2024 06:56:06.14,Running,No Action Needed 
Thu 10/31/2024 07:01:06.14,Running,No Action Needed 
Thu 10/31/2024 07:06:06.12,Running,No Action Needed 
Thu 10/31/2024 07:11:06.21,Running,No Action Needed 
Thu 10/31/2024 07:16:06.15,Running,No Action Needed 
Thu 10/31/2024 07:21:06.18,Running,No Action Needed 
Thu 10/31/2024 07:26:06.13,Running,No Action Needed 
Thu 10/31/2024 07:31:06.21,Running,No Action Needed 
Thu 10/31/2024 07:36:06.19,Running,No Action Needed 
Thu 10/31/2024 07:41:06.14,Running,No Action Needed 
Thu 10/31/2024 07:46:06.15,Running,No Action Needed 
Thu 10/31/2024 07:51:06.12,Running,No Action Needed 
Thu 10/31/2024 07:56:06.22,Running,No Action Needed 
Thu 10/31/2024 08:01:06.13,Running,No Action Needed 
Thu 10/31/2024 08:06:06.17,Running,No Action Needed 
Thu 10/31/2024 08:11:06.20,Running,No Action Needed 
Thu 10/31/2024 08:16:06.20,Running,No Action Needed 
Thu 10/31/2024 08:21:06.17,Running,No Action Needed 
Thu 10/31/2024 08:26:06.19,Running,No Action Needed 
Thu 10/31/2024 08:31:06.14,Running,No Action Needed 
Thu 10/31/2024 08:36:06.17,Running,No Action Needed 
Thu 10/31/2024 08:41:06.14,Running,No Action Needed 
Thu 10/31/2024 08:46:06.15,Running,No Action Needed 
Thu 10/31/2024 08:51:06.19,Running,No Action Needed 
Thu 10/31/2024 08:56:06.19,Running,No Action Needed 
Thu 10/31/2024 09:01:06.17,Running,No Action Needed 
Thu 10/31/2024 09:06:06.16,Running,No Action Needed 
Thu 10/31/2024 09:11:06.18,Running,No Action Needed 
Thu 10/31/2024 09:16:06.12,Running,No Action Needed 
Thu 10/31/2024 09:21:06.13,Running,No Action Needed 
Thu 10/31/2024 09:26:06.14,Running,No Action Needed 
Thu 10/31/2024 09:31:06.11,Running,No Action Needed 
Thu 10/31/2024 09:36:06.20,Running,No Action Needed 
Thu 10/31/2024 09:41:06.21,Running,No Action Needed 
Thu 10/31/2024 09:46:06.20,Running,No Action Needed 
Thu 10/31/2024 09:51:06.14,Running,No Action Needed 
Thu 10/31/2024 09:56:06.16,Running,No Action Needed 
Thu 10/31/2024 10:01:06.14,Running,No Action Needed 
Thu 10/31/2024 10:06:06.19,Running,No Action Needed 
Thu 10/31/2024 10:11:06.16,Running,No Action Needed 
Thu 10/31/2024 10:16:06.21,Running,No Action Needed 
Thu 10/31/2024 10:21:06.21,Running,No Action Needed 
Thu 10/31/2024 10:26:06.21,Running,No Action Needed 
Thu 10/31/2024 10:31:06.19,Running,No Action Needed 
Thu 10/31/2024 10:36:06.15,Running,No Action Needed 
Thu 10/31/2024 10:41:06.18,Running,No Action Needed 
Thu 10/31/2024 10:46:06.15,Running,No Action Needed 
Thu 10/31/2024 10:51:06.21,Running,No Action Needed 
Thu 10/31/2024 10:56:06.21,Running,No Action Needed 
Thu 10/31/2024 11:01:06.18,Running,No Action Needed 
Thu 10/31/2024 11:06:06.12,Running,No Action Needed 
Thu 10/31/2024 11:11:06.19,Running,No Action Needed 
Thu 10/31/2024 11:16:06.17,Running,No Action Needed 
Thu 10/31/2024 11:21:06.18,Running,No Action Needed 
Thu 10/31/2024 11:26:06.19,Running,No Action Needed 
Thu 10/31/2024 11:31:06.12,Running,No Action Needed 
Thu 10/31/2024 11:36:06.16,Running,No Action Needed 
Thu 10/31/2024 11:41:06.21,Running,No Action Needed 
Thu 10/31/2024 11:46:06.13,Running,No Action Needed 
Thu 10/31/2024 11:51:06.12,Running,No Action Needed 
Thu 10/31/2024 11:56:06.14,Running,No Action Needed 
Thu 10/31/2024 12:01:06.15,Running,No Action Needed 
Thu 10/31/2024 12:06:06.20,Running,No Action Needed 
Thu 10/31/2024 12:11:06.16,Running,No Action Needed 
Thu 10/31/2024 12:16:06.12,Running,No Action Needed 
Thu 10/31/2024 12:21:06.13,Running,No Action Needed 
Thu 10/31/2024 12:26:06.12,Running,No Action Needed 
Thu 10/31/2024 12:31:06.22,Running,No Action Needed 
Thu 10/31/2024 12:36:06.18,Running,No Action Needed 
Thu 10/31/2024 12:41:06.21,Running,No Action Needed 
Thu 10/31/2024 12:46:06.12,Running,No Action Needed 
Thu 10/31/2024 12:51:06.17,Running,No Action Needed 
Thu 10/31/2024 12:56:06.14,Running,No Action Needed 
Thu 10/31/2024 13:01:06.14,Running,No Action Needed 
Thu 10/31/2024 13:06:06.20,Running,No Action Needed 
Thu 10/31/2024 13:11:06.15,Running,No Action Needed 
Thu 10/31/2024 13:16:06.16,Running,No Action Needed 
Thu 10/31/2024 13:21:06.16,Running,No Action Needed 
Thu 10/31/2024 13:26:06.21,Running,No Action Needed 
Thu 10/31/2024 13:31:06.11,Running,No Action Needed 
Thu 10/31/2024 13:36:06.15,Running,No Action Needed 
Thu 10/31/2024 13:41:06.14,Running,No Action Needed 
Thu 10/31/2024 13:46:06.17,Running,No Action Needed 
Thu 10/31/2024 13:51:06.16,Running,No Action Needed 
Thu 10/31/2024 13:56:06.21,Running,No Action Needed 
Thu 10/31/2024 14:01:06.18,Running,No Action Needed 
Thu 10/31/2024 14:06:06.22,Running,No Action Needed 
Thu 10/31/2024 14:11:06.14,Running,No Action Needed 
Thu 10/31/2024 14:16:06.15,Running,No Action Needed 
Thu 10/31/2024 14:21:06.14,Running,No Action Needed 
Thu 10/31/2024 14:26:06.19,Running,No Action Needed 
Thu 10/31/2024 14:31:06.21,Running,No Action Needed 
Thu 10/31/2024 14:36:06.21,Running,No Action Needed 
Thu 10/31/2024 14:41:06.16,Running,No Action Needed 
Thu 10/31/2024 14:46:06.16,Running,No Action Needed 
Thu 10/31/2024 14:51:06.18,Running,No Action Needed 
Thu 10/31/2024 14:56:06.16,Running,No Action Needed 
Thu 10/31/2024 15:01:06.20,Running,No Action Needed 
Thu 10/31/2024 15:06:06.13,Running,No Action Needed 
Thu 10/31/2024 15:11:06.22,Running,No Action Needed 
Thu 10/31/2024 15:16:06.20,Running,No Action Needed 
Thu 10/31/2024 15:21:06.17,Running,No Action Needed 
Thu 10/31/2024 15:26:06.16,Running,No Action Needed 
Thu 10/31/2024 15:31:06.16,Running,No Action Needed 
Thu 10/31/2024 15:36:06.17,Running,No Action Needed 
Thu 10/31/2024 15:41:06.22,Running,No Action Needed 
Thu 10/31/2024 15:46:06.13,Running,No Action Needed 
Thu 10/31/2024 15:51:06.12,Running,No Action Needed 
Thu 10/31/2024 15:56:06.13,Running,No Action Needed 
Thu 10/31/2024 16:01:06.17,Running,No Action Needed 
Thu 10/31/2024 16:06:06.21,Running,No Action Needed 
Thu 10/31/2024 16:11:06.13,Running,No Action Needed 
Thu 10/31/2024 16:16:06.19,Running,No Action Needed 
Thu 10/31/2024 16:21:06.20,Running,No Action Needed 
Thu 10/31/2024 16:26:06.21,Running,No Action Needed 
Thu 10/31/2024 16:31:06.13,Running,No Action Needed 
Thu 10/31/2024 16:36:06.21,Running,No Action Needed 
Thu 10/31/2024 16:41:06.17,Running,No Action Needed 
Thu 10/31/2024 16:46:06.20,Running,No Action Needed 
Thu 10/31/2024 16:51:06.15,Running,No Action Needed 
Thu 10/31/2024 16:56:06.13,Running,No Action Needed 
Thu 10/31/2024 17:01:06.12,Running,No Action Needed 
Thu 10/31/2024 17:06:06.14,Running,No Action Needed 
Thu 10/31/2024 17:11:06.16,Running,No Action Needed 
Thu 10/31/2024 17:16:06.13,Running,No Action Needed 
Thu 10/31/2024 17:21:06.18,Running,No Action Needed 
Thu 10/31/2024 17:26:06.18,Running,No Action Needed 
Thu 10/31/2024 17:31:06.16,Running,No Action Needed 
Thu 10/31/2024 17:36:06.17,Running,No Action Needed 
Thu 10/31/2024 17:41:06.12,Running,No Action Needed 
Thu 10/31/2024 17:46:06.21,Running,No Action Needed 
Thu 10/31/2024 17:51:06.24,Running,No Action Needed 
Thu 10/31/2024 17:56:06.20,Running,No Action Needed 
Thu 10/31/2024 18:01:06.17,Running,No Action Needed 
Thu 10/31/2024 18:06:06.14,Running,No Action Needed 
Thu 10/31/2024 18:11:06.21,Running,No Action Needed 
Thu 10/31/2024 18:16:06.18,Running,No Action Needed 
Thu 10/31/2024 18:21:06.20,Running,No Action Needed 
Thu 10/31/2024 18:26:06.13,Running,No Action Needed 
Thu 10/31/2024 18:31:06.13,Running,No Action Needed 
Thu 10/31/2024 18:36:06.15,Running,No Action Needed 
Thu 10/31/2024 18:41:06.13,Running,No Action Needed 
Thu 10/31/2024 18:46:06.14,Running,No Action Needed 
Thu 10/31/2024 18:51:06.22,Running,No Action Needed 
Thu 10/31/2024 18:56:06.16,Running,No Action Needed 
Thu 10/31/2024 19:01:06.19,Running,No Action Needed 
Thu 10/31/2024 19:06:06.11,Running,No Action Needed 
Thu 10/31/2024 19:11:06.17,Running,No Action Needed 
Thu 10/31/2024 19:16:06.19,Running,No Action Needed 
Thu 10/31/2024 19:21:06.20,Running,No Action Needed 
Thu 10/31/2024 19:26:06.15,Running,No Action Needed 
Thu 10/31/2024 19:31:06.12,Running,No Action Needed 
Thu 10/31/2024 19:36:06.14,Running,No Action Needed 
Thu 10/31/2024 19:41:06.17,Running,No Action Needed 
Thu 10/31/2024 19:46:06.14,Running,No Action Needed 
Thu 10/31/2024 19:51:06.15,Running,No Action Needed 
Thu 10/31/2024 19:56:06.20,Running,No Action Needed 
Thu 10/31/2024 20:01:06.19,Running,No Action Needed 
Thu 10/31/2024 20:06:06.19,Running,No Action Needed 
Thu 10/31/2024 20:13:22.46,Running,No Action Needed 
Thu 10/31/2024 20:16:49.14,Running,No Action Needed 
Thu 10/31/2024 20:18:42.31,Running,No Action Needed 
Thu 10/31/2024 20:20:19.44,Running,No Action Needed 
Thu 10/31/2024 20:22:03.80,Running,No Action Needed 
Thu 10/31/2024 20:22:31.74,Running,No Action Needed 
Thu 10/31/2024 20:27:31.19,Running,No Action Needed 
Thu 10/31/2024 20:32:31.21,Running,No Action Needed 
Thu 10/31/2024 20:37:31.21,Running,No Action Needed 
Thu 10/31/2024 20:42:31.17,Running,No Action Needed 
Thu 10/31/2024 20:47:31.21,Running,No Action Needed 
Thu 10/31/2024 20:52:31.15,Running,No Action Needed 
Thu 10/31/2024 20:57:31.20,Running,No Action Needed 
Thu 10/31/2024 21:02:31.18,Running,No Action Needed 
Thu 10/31/2024 21:07:31.19,Running,No Action Needed 
Thu 10/31/2024 21:12:31.18,Running,No Action Needed 
Thu 10/31/2024 21:17:31.15,Running,No Action Needed 
Thu 10/31/2024 21:22:31.15,Running,No Action Needed 
Thu 10/31/2024 21:27:31.18,Running,No Action Needed 
Thu 10/31/2024 21:32:31.19,Running,No Action Needed 
Thu 10/31/2024 21:37:31.19,Running,No Action Needed 
Thu 10/31/2024 21:42:31.21,Running,No Action Needed 
Thu 10/31/2024 21:47:31.12,Running,No Action Needed 
Thu 10/31/2024 21:52:31.22,Running,No Action Needed 
Thu 10/31/2024 21:57:31.21,Running,No Action Needed 
Thu 10/31/2024 22:02:31.21,Running,No Action Needed 
Thu 10/31/2024 22:07:31.21,Running,No Action Needed 
Thu 10/31/2024 22:12:31.12,Running,No Action Needed 
Thu 10/31/2024 22:17:31.13,Running,No Action Needed 
Thu 10/31/2024 22:22:31.15,Running,No Action Needed 
Thu 10/31/2024 22:27:31.17,Running,No Action Needed 
Thu 10/31/2024 22:32:31.12,Running,No Action Needed 
Thu 10/31/2024 22:37:31.16,Running,No Action Needed 
Thu 10/31/2024 22:42:31.14,Running,No Action Needed 
Thu 10/31/2024 22:47:31.17,Running,No Action Needed 
Thu 10/31/2024 22:52:31.19,Running,No Action Needed 
Thu 10/31/2024 22:57:31.21,Running,No Action Needed 
Thu 10/31/2024 23:02:31.16,Running,No Action Needed 
Thu 10/31/2024 23:07:31.20,Running,No Action Needed 
Thu 10/31/2024 23:12:31.12,Running,No Action Needed 
Thu 10/31/2024 23:17:31.22,Running,No Action Needed 
Thu 10/31/2024 23:22:31.20,Running,No Action Needed 
Thu 10/31/2024 23:27:31.16,Running,No Action Needed 
Thu 10/31/2024 23:32:31.16,Running,No Action Needed 
Thu 10/31/2024 23:37:31.20,Running,No Action Needed 
Thu 10/31/2024 23:42:31.18,Running,No Action Needed 
Thu 10/31/2024 23:47:31.13,Running,No Action Needed 
Thu 10/31/2024 23:52:31.17,Running,No Action Needed 
Thu 10/31/2024 23:57:31.20,Running,No Action Needed 
Fri 11/01/2024 00:02:31.16,Running,No Action Needed 
Fri 11/01/2024 00:07:31.17,Running,No Action Needed 
Fri 11/01/2024 00:12:31.14,Running,No Action Needed 
Fri 11/01/2024 00:17:31.12,Running,No Action Needed 
Fri 11/01/2024 00:22:31.22,Running,No Action Needed 
Fri 11/01/2024 00:27:31.17,Running,No Action Needed 
Fri 11/01/2024 00:32:31.21,Running,No Action Needed 
Fri 11/01/2024 00:37:31.19,Running,No Action Needed 
Fri 11/01/2024 00:42:31.16,Running,No Action Needed 
Fri 11/01/2024 00:47:31.17,Running,No Action Needed 
Fri 11/01/2024 00:52:31.20,Running,No Action Needed 
Fri 11/01/2024 00:57:31.18,Running,No Action Needed 
Fri 11/01/2024 01:02:31.19,Running,No Action Needed 
Fri 11/01/2024 01:07:31.22,Running,No Action Needed 
Fri 11/01/2024 01:12:31.17,Running,No Action Needed 
Fri 11/01/2024 01:17:31.20,Running,No Action Needed 
Fri 11/01/2024 01:22:31.22,Running,No Action Needed 
Fri 11/01/2024 01:27:31.14,Running,No Action Needed 
Fri 11/01/2024 01:32:31.21,Running,No Action Needed 
Fri 11/01/2024 01:37:31.13,Running,No Action Needed 
Fri 11/01/2024 01:42:31.21,Running,No Action Needed 
Fri 11/01/2024 01:47:31.13,Running,No Action Needed 
Fri 11/01/2024 01:52:31.15,Running,No Action Needed 
Fri 11/01/2024 01:57:31.14,Running,No Action Needed 
Fri 11/01/2024 02:02:31.14,Running,No Action Needed 
Fri 11/01/2024 02:07:31.18,Running,No Action Needed 
Fri 11/01/2024 02:12:31.13,Running,No Action Needed 
Fri 11/01/2024 02:17:31.15,Running,No Action Needed 
Fri 11/01/2024 02:22:31.22,Running,No Action Needed 
Fri 11/01/2024 02:27:31.11,Running,No Action Needed 
Fri 11/01/2024 02:32:31.17,Running,No Action Needed 
Fri 11/01/2024 02:37:31.14,Running,No Action Needed 
Fri 11/01/2024 02:42:31.18,Running,No Action Needed 
Fri 11/01/2024 02:47:31.13,Running,No Action Needed 
Fri 11/01/2024 02:52:31.22,Running,No Action Needed 
Fri 11/01/2024 02:57:31.15,Running,No Action Needed 
Fri 11/01/2024 03:02:31.13,Running,No Action Needed 
Fri 11/01/2024 03:07:31.22,Running,No Action Needed 
Fri 11/01/2024 03:12:31.15,Running,No Action Needed 
Fri 11/01/2024 03:17:31.13,Running,No Action Needed 
Fri 11/01/2024 03:22:31.20,Running,No Action Needed 
Fri 11/01/2024 03:27:31.14,Running,No Action Needed 
Fri 11/01/2024 03:32:31.13,Running,No Action Needed 
Fri 11/01/2024 03:37:31.12,Running,No Action Needed 
Fri 11/01/2024 03:42:31.19,Running,No Action Needed 
Fri 11/01/2024 03:47:31.23,Running,No Action Needed 
Fri 11/01/2024 03:52:31.12,Running,No Action Needed 
Fri 11/01/2024 03:57:31.20,Running,No Action Needed 
Fri 11/01/2024 04:02:31.17,Running,No Action Needed 
Fri 11/01/2024 04:07:31.15,Running,No Action Needed 
Fri 11/01/2024 04:12:31.21,Running,No Action Needed 
Fri 11/01/2024 04:17:31.14,Running,No Action Needed 
Fri 11/01/2024 04:22:31.21,Running,No Action Needed 
Fri 11/01/2024 04:27:31.22,Running,No Action Needed 
Fri 11/01/2024 04:32:31.13,Running,No Action Needed 
Fri 11/01/2024 04:37:31.21,Running,No Action Needed 
Fri 11/01/2024 04:42:31.12,Running,No Action Needed 
Fri 11/01/2024 04:47:31.17,Running,No Action Needed 
Fri 11/01/2024 04:52:31.19,Running,No Action Needed 
Fri 11/01/2024 04:57:31.21,Running,No Action Needed 
Fri 11/01/2024 05:02:31.21,Running,No Action Needed 
Fri 11/01/2024 05:07:31.15,Running,No Action Needed 
Fri 11/01/2024 05:12:31.20,Running,No Action Needed 
Fri 11/01/2024 05:17:31.12,Running,No Action Needed 
Fri 11/01/2024 05:22:31.12,Running,No Action Needed 
Fri 11/01/2024 05:27:31.18,Running,No Action Needed 
Fri 11/01/2024 05:32:31.24,Running,No Action Needed 
Fri 11/01/2024 05:37:31.15,Running,No Action Needed 
Fri 11/01/2024 05:42:31.17,Running,No Action Needed 
Fri 11/01/2024 05:47:31.13,Running,No Action Needed 
Fri 11/01/2024 05:52:31.21,Running,No Action Needed 
Fri 11/01/2024 05:57:31.17,Running,No Action Needed 
Fri 11/01/2024 06:02:31.14,Running,No Action Needed 
Fri 11/01/2024 06:07:31.18,Running,No Action Needed 
Fri 11/01/2024 06:12:31.12,Running,No Action Needed 
Fri 11/01/2024 06:17:31.15,Running,No Action Needed 
Fri 11/01/2024 06:22:31.16,Running,No Action Needed 
Fri 11/01/2024 06:27:31.19,Running,No Action Needed 
Fri 11/01/2024 06:32:31.13,Running,No Action Needed 
Fri 11/01/2024 06:37:31.22,Running,No Action Needed 
Fri 11/01/2024 06:42:31.14,Running,No Action Needed 
Fri 11/01/2024 06:47:31.18,Running,No Action Needed 
Fri 11/01/2024 06:52:31.14,Running,No Action Needed 
Fri 11/01/2024 06:57:31.20,Running,No Action Needed 
Fri 11/01/2024 07:02:31.14,Running,No Action Needed 
Fri 11/01/2024 07:07:31.15,Running,No Action Needed 
Fri 11/01/2024 07:12:31.17,Running,No Action Needed 
Fri 11/01/2024 07:17:31.21,Running,No Action Needed 
Fri 11/01/2024 07:22:31.19,Running,No Action Needed 
Fri 11/01/2024 07:27:31.19,Running,No Action Needed 
Fri 11/01/2024 07:32:31.19,Running,No Action Needed 
Fri 11/01/2024 07:37:31.19,Running,No Action Needed 
Fri 11/01/2024 07:42:31.18,Running,No Action Needed 
Fri 11/01/2024 07:47:31.16,Running,No Action Needed 
Fri 11/01/2024 07:52:31.20,Running,No Action Needed 
Fri 11/01/2024 07:57:31.14,Running,No Action Needed 
Fri 11/01/2024 08:02:31.16,Running,No Action Needed 
Fri 11/01/2024 08:07:31.19,Running,No Action Needed 
Fri 11/01/2024 08:12:31.17,Running,No Action Needed 
Fri 11/01/2024 08:17:31.19,Running,No Action Needed 
Fri 11/01/2024 08:22:31.16,Running,No Action Needed 
Fri 11/01/2024 08:27:31.16,Running,No Action Needed 
Fri 11/01/2024 08:32:31.17,Running,No Action Needed 
Fri 11/01/2024 08:37:31.21,Running,No Action Needed 
Fri 11/01/2024 08:42:31.22,Running,No Action Needed 
Fri 11/01/2024 08:47:31.16,Running,No Action Needed 
Fri 11/01/2024 08:52:31.18,Running,No Action Needed 
Fri 11/01/2024 08:57:31.14,Running,No Action Needed 
Fri 11/01/2024 09:02:31.21,Running,No Action Needed 
Fri 11/01/2024 09:07:31.18,Running,No Action Needed 
Fri 11/01/2024 09:12:31.18,Running,No Action Needed 
Fri 11/01/2024 09:17:31.19,Running,No Action Needed 
Fri 11/01/2024 09:22:31.20,Running,No Action Needed 
Fri 11/01/2024 09:27:31.14,Running,No Action Needed 
Fri 11/01/2024 09:32:31.14,Running,No Action Needed 
Fri 11/01/2024 09:37:31.17,Running,No Action Needed 
Fri 11/01/2024 09:42:31.15,Running,No Action Needed 
Fri 11/01/2024 09:47:31.22,Running,No Action Needed 
Fri 11/01/2024 09:52:31.15,Running,No Action Needed 
Fri 11/01/2024 09:57:31.16,Running,No Action Needed 
Fri 11/01/2024 10:02:31.19,Running,No Action Needed 
Fri 11/01/2024 10:07:31.14,Running,No Action Needed 
Fri 11/01/2024 10:12:31.19,Running,No Action Needed 
Fri 11/01/2024 10:17:31.16,Running,No Action Needed 
Fri 11/01/2024 10:22:31.16,Running,No Action Needed 
Fri 11/01/2024 10:27:31.12,Running,No Action Needed 
Fri 11/01/2024 10:32:31.16,Running,No Action Needed 
Fri 11/01/2024 10:37:31.21,Running,No Action Needed 
Fri 11/01/2024 10:42:31.16,Running,No Action Needed 
Fri 11/01/2024 10:47:31.16,Running,No Action Needed 
Fri 11/01/2024 10:52:31.12,Running,No Action Needed 
Fri 11/01/2024 10:57:31.15,Running,No Action Needed 
Fri 11/01/2024 11:02:31.13,Running,No Action Needed 
Fri 11/01/2024 11:07:31.14,Running,No Action Needed 
Fri 11/01/2024 11:12:31.20,Running,No Action Needed 
Fri 11/01/2024 11:17:31.19,Running,No Action Needed 
Fri 11/01/2024 11:22:31.14,Running,No Action Needed 
Fri 11/01/2024 11:27:31.18,Running,No Action Needed 
Fri 11/01/2024 11:32:31.14,Running,No Action Needed 
Fri 11/01/2024 11:37:31.14,Running,No Action Needed 
Fri 11/01/2024 11:42:31.20,Running,No Action Needed 
Fri 11/01/2024 11:47:31.16,Running,No Action Needed 
Fri 11/01/2024 11:52:31.19,Running,No Action Needed 
Fri 11/01/2024 11:57:31.15,Running,No Action Needed 
Fri 11/01/2024 12:02:31.21,Running,No Action Needed 
Fri 11/01/2024 12:07:31.13,Running,No Action Needed 
Fri 11/01/2024 12:12:31.13,Running,No Action Needed 
Fri 11/01/2024 12:17:31.20,Running,No Action Needed 
Fri 11/01/2024 12:22:31.18,Running,No Action Needed 
Fri 11/01/2024 12:27:31.14,Running,No Action Needed 
Fri 11/01/2024 12:32:31.19,Running,No Action Needed 
Fri 11/01/2024 12:37:31.18,Running,No Action Needed 
Fri 11/01/2024 12:42:31.21,Running,No Action Needed 
Fri 11/01/2024 12:47:31.14,Running,No Action Needed 
Fri 11/01/2024 12:52:31.18,Running,No Action Needed 
Fri 11/01/2024 12:57:31.17,Running,No Action Needed 
Fri 11/01/2024 13:02:31.18,Running,No Action Needed 
Fri 11/01/2024 13:07:31.19,Running,No Action Needed 
Fri 11/01/2024 13:12:31.20,Running,No Action Needed 
Fri 11/01/2024 13:17:31.21,Running,No Action Needed 
Fri 11/01/2024 13:22:31.17,Running,No Action Needed 
Fri 11/01/2024 13:27:31.22,Running,No Action Needed 
Fri 11/01/2024 13:32:31.14,Running,No Action Needed 
Fri 11/01/2024 13:37:31.14,Running,No Action Needed 
Fri 11/01/2024 13:42:31.22,Running,No Action Needed 
Fri 11/01/2024 13:47:31.21,Running,No Action Needed 
Fri 11/01/2024 13:52:31.21,Running,No Action Needed 
Fri 11/01/2024 13:57:31.21,Running,No Action Needed 
Fri 11/01/2024 14:02:31.19,Running,No Action Needed 
Fri 11/01/2024 14:07:31.16,Running,No Action Needed 
Fri 11/01/2024 14:12:31.12,Running,No Action Needed 
Fri 11/01/2024 14:17:31.22,Running,No Action Needed 
Fri 11/01/2024 14:22:31.12,Running,No Action Needed 
Fri 11/01/2024 14:27:31.20,Running,No Action Needed 
Fri 11/01/2024 14:32:31.20,Running,No Action Needed 
Fri 11/01/2024 14:37:31.15,Running,No Action Needed 
Fri 11/01/2024 14:42:31.19,Running,No Action Needed 
Fri 11/01/2024 14:47:31.20,Running,No Action Needed 
Fri 11/01/2024 14:52:31.18,Running,No Action Needed 
Fri 11/01/2024 14:57:31.21,Running,No Action Needed 
Fri 11/01/2024 15:02:31.21,Running,No Action Needed 
Fri 11/01/2024 15:07:31.14,Running,No Action Needed 
Fri 11/01/2024 15:12:31.14,Running,No Action Needed 
Fri 11/01/2024 15:17:31.18,Running,No Action Needed 
Fri 11/01/2024 15:22:31.21,Running,No Action Needed 
Fri 11/01/2024 15:27:31.23,Running,No Action Needed 
Fri 11/01/2024 15:32:31.14,Running,No Action Needed 
Fri 11/01/2024 15:37:31.18,Running,No Action Needed 
Fri 11/01/2024 15:42:31.18,Running,No Action Needed 
Fri 11/01/2024 15:47:31.17,Running,No Action Needed 
Fri 11/01/2024 15:52:31.21,Running,No Action Needed 
Fri 11/01/2024 15:57:31.15,Running,No Action Needed 
Fri 11/01/2024 16:02:31.17,Running,No Action Needed 
Fri 11/01/2024 16:07:31.22,Running,No Action Needed 
Fri 11/01/2024 16:12:31.19,Running,No Action Needed 
Fri 11/01/2024 16:17:31.22,Running,No Action Needed 
Fri 11/01/2024 16:22:31.14,Running,No Action Needed 
Fri 11/01/2024 16:27:31.17,Running,No Action Needed 
Fri 11/01/2024 16:32:31.12,Running,No Action Needed 
Fri 11/01/2024 16:37:31.19,Running,No Action Needed 
Fri 11/01/2024 16:42:31.12,Running,No Action Needed 
Fri 11/01/2024 16:47:31.16,Running,No Action Needed 
Fri 11/01/2024 16:52:31.16,Running,No Action Needed 
Fri 11/01/2024 16:57:31.20,Running,No Action Needed 
Fri 11/01/2024 17:02:31.15,Running,No Action Needed 
Fri 11/01/2024 17:07:31.17,Running,No Action Needed 
Fri 11/01/2024 17:12:31.21,Running,No Action Needed 
Fri 11/01/2024 17:17:31.15,Running,No Action Needed 
Fri 11/01/2024 17:22:31.15,Running,No Action Needed 
Fri 11/01/2024 17:27:31.19,Running,No Action Needed 
Fri 11/01/2024 17:32:31.18,Running,No Action Needed 
Fri 11/01/2024 17:37:31.18,Running,No Action Needed 
Fri 11/01/2024 17:42:31.12,Running,No Action Needed 
Fri 11/01/2024 17:47:31.15,Running,No Action Needed 
Fri 11/01/2024 17:52:31.19,Running,No Action Needed 
Fri 11/01/2024 17:57:31.15,Running,No Action Needed 
Fri 11/01/2024 18:02:31.12,Running,No Action Needed 
Fri 11/01/2024 18:07:31.17,Running,No Action Needed 
Fri 11/01/2024 18:12:31.13,Running,No Action Needed 
Fri 11/01/2024 18:17:31.19,Running,No Action Needed 
Fri 11/01/2024 18:22:31.21,Running,No Action Needed 
Fri 11/01/2024 18:27:31.16,Running,No Action Needed 
Fri 11/01/2024 18:32:31.19,Running,No Action Needed 
Fri 11/01/2024 18:37:31.19,Running,No Action Needed 
Fri 11/01/2024 18:42:31.17,Running,No Action Needed 
Fri 11/01/2024 18:47:31.15,Running,No Action Needed 
Fri 11/01/2024 18:52:31.13,Running,No Action Needed 
Fri 11/01/2024 18:57:31.18,Running,No Action Needed 
Fri 11/01/2024 19:02:31.21,Running,No Action Needed 
Fri 11/01/2024 19:07:31.12,Running,No Action Needed 
Fri 11/01/2024 19:12:31.16,Running,No Action Needed 
Fri 11/01/2024 19:17:31.15,Running,No Action Needed 
Fri 11/01/2024 19:22:31.13,Running,No Action Needed 
Fri 11/01/2024 19:27:31.13,Running,No Action Needed 
Fri 11/01/2024 19:32:31.22,Running,No Action Needed 
Fri 11/01/2024 19:37:31.20,Running,No Action Needed 
Fri 11/01/2024 19:42:31.17,Running,No Action Needed 
Fri 11/01/2024 19:47:31.18,Running,No Action Needed 
Fri 11/01/2024 19:52:31.12,Running,No Action Needed 
Fri 11/01/2024 19:57:31.21,Running,No Action Needed 
Fri 11/01/2024 20:02:31.21,Running,No Action Needed 
Fri 11/01/2024 20:07:31.21,Running,No Action Needed 
Fri 11/01/2024 20:12:31.14,Running,No Action Needed 
Fri 11/01/2024 20:17:31.21,Running,No Action Needed 
Fri 11/01/2024 20:22:31.18,Running,No Action Needed 
Fri 11/01/2024 20:27:31.20,Running,No Action Needed 
Fri 11/01/2024 20:32:31.17,Running,No Action Needed 
Fri 11/01/2024 20:37:31.15,Running,No Action Needed 
Fri 11/01/2024 20:42:31.19,Running,No Action Needed 
Fri 11/01/2024 20:47:31.13,Running,No Action Needed 
Fri 11/01/2024 20:52:31.22,Running,No Action Needed 
Fri 11/01/2024 20:57:31.20,Running,No Action Needed 
Fri 11/01/2024 21:02:31.13,Running,No Action Needed 
Fri 11/01/2024 21:07:31.20,Running,No Action Needed 
Fri 11/01/2024 21:12:31.13,Running,No Action Needed 
Fri 11/01/2024 21:17:31.21,Running,No Action Needed 
Fri 11/01/2024 21:22:31.23,Running,No Action Needed 
Fri 11/01/2024 21:27:31.22,Running,No Action Needed 
Fri 11/01/2024 21:32:31.15,Running,No Action Needed 
Fri 11/01/2024 21:37:31.12,Running,No Action Needed 
Fri 11/01/2024 21:42:31.17,Running,No Action Needed 
Fri 11/01/2024 21:47:31.13,Running,No Action Needed 
Fri 11/01/2024 21:52:31.14,Running,No Action Needed 
Fri 11/01/2024 21:57:31.17,Running,No Action Needed 
Fri 11/01/2024 22:02:31.22,Running,No Action Needed 
Fri 11/01/2024 22:07:31.22,Running,No Action Needed 
Fri 11/01/2024 22:12:31.15,Running,No Action Needed 
Fri 11/01/2024 22:17:31.18,Running,No Action Needed 
Fri 11/01/2024 22:22:31.20,Running,No Action Needed 
Fri 11/01/2024 22:27:31.13,Running,No Action Needed 
Fri 11/01/2024 22:32:31.21,Running,No Action Needed 
Fri 11/01/2024 22:37:31.19,Running,No Action Needed 
Fri 11/01/2024 22:42:31.13,Running,No Action Needed 
Fri 11/01/2024 22:47:31.19,Running,No Action Needed 
Fri 11/01/2024 22:52:31.17,Running,No Action Needed 
Fri 11/01/2024 22:57:31.20,Running,No Action Needed 
Fri 11/01/2024 23:02:31.19,Running,No Action Needed 
Fri 11/01/2024 23:07:31.21,Running,No Action Needed 
Fri 11/01/2024 23:12:31.21,Running,No Action Needed 
Fri 11/01/2024 23:17:31.14,Running,No Action Needed 
Fri 11/01/2024 23:22:31.12,Running,No Action Needed 
Fri 11/01/2024 23:27:31.21,Running,No Action Needed 
Fri 11/01/2024 23:32:31.17,Running,No Action Needed 
Fri 11/01/2024 23:37:31.20,Running,No Action Needed 
Fri 11/01/2024 23:42:31.20,Running,No Action Needed 
Fri 11/01/2024 23:47:31.12,Running,No Action Needed 
Fri 11/01/2024 23:52:31.20,Running,No Action Needed 
Fri 11/01/2024 23:57:31.15,Running,No Action Needed 
Sat 11/02/2024 00:02:31.21,Running,No Action Needed 
Sat 11/02/2024 00:07:31.12,Running,No Action Needed 
Sat 11/02/2024 00:12:31.22,Running,No Action Needed 
Sat 11/02/2024 00:17:31.15,Running,No Action Needed 
Sat 11/02/2024 00:22:31.17,Running,No Action Needed 
Sat 11/02/2024 00:27:31.15,Running,No Action Needed 
Sat 11/02/2024 00:32:31.18,Running,No Action Needed 
Sat 11/02/2024 00:37:31.12,Running,No Action Needed 
Sat 11/02/2024 00:42:31.13,Running,No Action Needed 
Sat 11/02/2024 00:47:31.18,Running,No Action Needed 
Sat 11/02/2024 00:52:31.15,Running,No Action Needed 
Sat 11/02/2024 00:57:31.20,Running,No Action Needed 
Sat 11/02/2024 01:02:31.21,Running,No Action Needed 
Sat 11/02/2024 01:07:31.18,Running,No Action Needed 
Sat 11/02/2024 01:12:31.17,Running,No Action Needed 
Sat 11/02/2024 01:17:31.14,Running,No Action Needed 
Sat 11/02/2024 01:22:31.15,Running,No Action Needed 
Sat 11/02/2024 01:27:31.15,Running,No Action Needed 
Sat 11/02/2024 01:32:31.18,Running,No Action Needed 
Sat 11/02/2024 01:37:31.14,Running,No Action Needed 
Sat 11/02/2024 01:42:31.18,Running,No Action Needed 
Sat 11/02/2024 01:47:31.22,Running,No Action Needed 
Sat 11/02/2024 01:52:31.14,Running,No Action Needed 
Sat 11/02/2024 01:57:31.13,Running,No Action Needed 
Sat 11/02/2024 02:02:31.22,Running,No Action Needed 
Sat 11/02/2024 02:07:31.18,Running,No Action Needed 
Sat 11/02/2024 02:12:31.16,Running,No Action Needed 
Sat 11/02/2024 02:17:31.17,Running,No Action Needed 
Sat 11/02/2024 02:22:31.18,Running,No Action Needed 
Sat 11/02/2024 02:27:31.16,Running,No Action Needed 
Sat 11/02/2024 02:32:31.19,Running,No Action Needed 
Sat 11/02/2024 02:37:31.15,Running,No Action Needed 
Sat 11/02/2024 02:42:31.12,Running,No Action Needed 
Sat 11/02/2024 02:47:31.16,Running,No Action Needed 
Sat 11/02/2024 02:52:31.18,Running,No Action Needed 
Sat 11/02/2024 02:57:31.14,Running,No Action Needed 
Sat 11/02/2024 03:02:31.12,Running,No Action Needed 
Sat 11/02/2024 03:07:31.12,Running,No Action Needed 
Sat 11/02/2024 03:12:31.20,Running,No Action Needed 
Sat 11/02/2024 03:17:31.19,Running,No Action Needed 
Sat 11/02/2024 03:22:31.20,Running,No Action Needed 
Sat 11/02/2024 03:27:31.20,Running,No Action Needed 
Sat 11/02/2024 03:32:31.13,Running,No Action Needed 
Sat 11/02/2024 03:37:31.17,Running,No Action Needed 
Sat 11/02/2024 03:42:31.19,Running,No Action Needed 
Sat 11/02/2024 03:47:31.19,Running,No Action Needed 
Sat 11/02/2024 03:52:31.13,Running,No Action Needed 
Sat 11/02/2024 03:57:31.13,Running,No Action Needed 
Sat 11/02/2024 04:02:31.13,Running,No Action Needed 
Sat 11/02/2024 04:07:31.13,Running,No Action Needed 
Sat 11/02/2024 04:12:31.21,Running,No Action Needed 
Sat 11/02/2024 04:17:31.16,Running,No Action Needed 
Sat 11/02/2024 04:22:31.19,Running,No Action Needed 
Sat 11/02/2024 04:27:31.16,Running,No Action Needed 
Sat 11/02/2024 04:32:31.14,Running,No Action Needed 
Sat 11/02/2024 04:37:31.17,Running,No Action Needed 
Sat 11/02/2024 04:42:31.19,Running,No Action Needed 
Sat 11/02/2024 04:47:31.20,Running,No Action Needed 
Sat 11/02/2024 04:52:31.19,Running,No Action Needed 
Sat 11/02/2024 04:57:31.13,Running,No Action Needed 
Sat 11/02/2024 05:02:31.21,Running,No Action Needed 
Sat 11/02/2024 05:07:31.20,Running,No Action Needed 
Sat 11/02/2024 05:12:31.14,Running,No Action Needed 
Sat 11/02/2024 05:17:31.19,Running,No Action Needed 
Sat 11/02/2024 05:22:31.18,Running,No Action Needed 
Sat 11/02/2024 05:27:31.18,Running,No Action Needed 
Sat 11/02/2024 05:32:31.20,Running,No Action Needed 
Sat 11/02/2024 05:37:32.14,Running,No Action Needed 
Sat 11/02/2024 05:42:32.17,Running,No Action Needed 
Sat 11/02/2024 05:47:32.12,Running,No Action Needed 
Sat 11/02/2024 05:52:32.20,Running,No Action Needed 
Sat 11/02/2024 05:57:32.20,Running,No Action Needed 
Sat 11/02/2024 06:02:32.16,Running,No Action Needed 
Sat 11/02/2024 06:07:32.20,Running,No Action Needed 
Sat 11/02/2024 06:12:32.21,Running,No Action Needed 
Sat 11/02/2024 06:17:32.12,Running,No Action Needed 
Sat 11/02/2024 06:22:32.12,Running,No Action Needed 
Sat 11/02/2024 06:27:32.22,Running,No Action Needed 
Sat 11/02/2024 06:32:32.14,Running,No Action Needed 
Sat 11/02/2024 06:37:32.16,Running,No Action Needed 
Sat 11/02/2024 06:42:32.16,Running,No Action Needed 
Sat 11/02/2024 06:47:32.13,Running,No Action Needed 
Sat 11/02/2024 06:52:32.20,Running,No Action Needed 
Sat 11/02/2024 06:57:32.11,Running,No Action Needed 
Sat 11/02/2024 07:02:32.16,Running,No Action Needed 
Sat 11/02/2024 07:07:32.20,Running,No Action Needed 
Sat 11/02/2024 07:12:32.18,Running,No Action Needed 
Sat 11/02/2024 07:17:32.20,Running,No Action Needed 
Sat 11/02/2024 07:22:32.13,Running,No Action Needed 
Sat 11/02/2024 07:27:32.20,Running,No Action Needed 
Sat 11/02/2024 07:32:32.19,Running,No Action Needed 
Sat 11/02/2024 07:37:32.17,Running,No Action Needed 
Sat 11/02/2024 07:42:32.13,Running,No Action Needed 
Sat 11/02/2024 07:47:32.18,Running,No Action Needed 
Sat 11/02/2024 07:52:32.22,Running,No Action Needed 
Sat 11/02/2024 07:57:32.13,Running,No Action Needed 
Sat 11/02/2024 08:02:32.14,Running,No Action Needed 
Sat 11/02/2024 08:07:32.16,Running,No Action Needed 
Sat 11/02/2024 08:12:32.20,Running,No Action Needed 
Sat 11/02/2024 08:17:32.20,Running,No Action Needed 
Sat 11/02/2024 08:22:32.22,Running,No Action Needed 
Sat 11/02/2024 08:27:32.20,Running,No Action Needed 
Sat 11/02/2024 08:32:32.22,Running,No Action Needed 
Sat 11/02/2024 08:37:32.13,Running,No Action Needed 
Sat 11/02/2024 08:42:32.16,Running,No Action Needed 
Sat 11/02/2024 08:47:32.17,Running,No Action Needed 
Sat 11/02/2024 08:52:32.16,Running,No Action Needed 
Sat 11/02/2024 08:57:32.17,Running,No Action Needed 
Sat 11/02/2024 09:02:32.19,Running,No Action Needed 
Sat 11/02/2024 09:07:32.20,Running,No Action Needed 
Sat 11/02/2024 09:12:32.15,Running,No Action Needed 
Sat 11/02/2024 09:17:32.17,Running,No Action Needed 
Sat 11/02/2024 09:22:32.18,Running,No Action Needed 
Sat 11/02/2024 09:27:32.21,Running,No Action Needed 
Sat 11/02/2024 09:32:32.19,Running,No Action Needed 
Sat 11/02/2024 09:37:32.14,Running,No Action Needed 
Sat 11/02/2024 09:42:32.13,Running,No Action Needed 
Sat 11/02/2024 09:47:32.18,Running,No Action Needed 
Sat 11/02/2024 09:52:32.13,Running,No Action Needed 
Sat 11/02/2024 09:57:32.16,Running,No Action Needed 
Sat 11/02/2024 10:02:32.13,Running,No Action Needed 
Sat 11/02/2024 10:07:32.20,Running,No Action Needed 
Sat 11/02/2024 10:12:32.14,Running,No Action Needed 
Sat 11/02/2024 10:17:32.23,Running,No Action Needed 
Sat 11/02/2024 10:22:32.19,Running,No Action Needed 
Sat 11/02/2024 10:27:32.11,Running,No Action Needed 
Sat 11/02/2024 10:32:32.21,Running,No Action Needed 
Sat 11/02/2024 10:37:32.20,Running,No Action Needed 
Sat 11/02/2024 10:42:32.18,Running,No Action Needed 
Sat 11/02/2024 10:47:32.13,Running,No Action Needed 
Sat 11/02/2024 10:52:32.15,Running,No Action Needed 
Sat 11/02/2024 10:57:32.14,Running,No Action Needed 
Sat 11/02/2024 11:02:32.14,Running,No Action Needed 
Sat 11/02/2024 11:07:32.22,Running,No Action Needed 
Sat 11/02/2024 11:12:32.17,Running,No Action Needed 
Sat 11/02/2024 11:17:32.21,Running,No Action Needed 
Sat 11/02/2024 11:22:32.19,Running,No Action Needed 
Sat 11/02/2024 11:27:32.14,Running,No Action Needed 
Sat 11/02/2024 11:32:32.14,Running,No Action Needed 
Sat 11/02/2024 11:37:32.16,Running,No Action Needed 
Sat 11/02/2024 11:42:32.20,Running,No Action Needed 
Sat 11/02/2024 11:47:32.17,Running,No Action Needed 
Sat 11/02/2024 11:52:32.16,Running,No Action Needed 
Sat 11/02/2024 11:57:32.15,Running,No Action Needed 
Sat 11/02/2024 12:02:32.22,Running,No Action Needed 
Sat 11/02/2024 12:07:32.20,Running,No Action Needed 
Sat 11/02/2024 12:12:32.15,Running,No Action Needed 
Sat 11/02/2024 12:17:32.14,Running,No Action Needed 
Sat 11/02/2024 12:22:32.13,Running,No Action Needed 
Sat 11/02/2024 12:27:32.14,Running,No Action Needed 
Sat 11/02/2024 12:32:32.16,Running,No Action Needed 
Sat 11/02/2024 12:37:32.21,Running,No Action Needed 
Sat 11/02/2024 12:42:32.18,Running,No Action Needed 
Sat 11/02/2024 12:47:32.20,Running,No Action Needed 
Sat 11/02/2024 12:52:32.20,Running,No Action Needed 
Sat 11/02/2024 12:57:32.13,Running,No Action Needed 
Sat 11/02/2024 13:02:32.13,Running,No Action Needed 
Sat 11/02/2024 13:07:32.16,Running,No Action Needed 
Sat 11/02/2024 13:12:32.13,Running,No Action Needed 
Sat 11/02/2024 13:17:32.12,Running,No Action Needed 
Sat 11/02/2024 13:22:32.17,Running,No Action Needed 
Sat 11/02/2024 13:27:32.18,Running,No Action Needed 
Sat 11/02/2024 13:32:32.14,Running,No Action Needed 
Sat 11/02/2024 13:37:32.20,Running,No Action Needed 
Sat 11/02/2024 13:42:32.22,Running,No Action Needed 
Sat 11/02/2024 13:47:32.22,Running,No Action Needed 
Sat 11/02/2024 13:52:32.19,Running,No Action Needed 
Sat 11/02/2024 13:57:32.14,Running,No Action Needed 
Sat 11/02/2024 14:02:32.18,Running,No Action Needed 
Sat 11/02/2024 14:07:32.19,Running,No Action Needed 
Sat 11/02/2024 14:12:32.15,Running,No Action Needed 
Sat 11/02/2024 14:17:32.22,Running,No Action Needed 
Sat 11/02/2024 14:22:32.13,Running,No Action Needed 
Sat 11/02/2024 14:27:32.15,Running,No Action Needed 
Sat 11/02/2024 14:32:32.17,Running,No Action Needed 
Sat 11/02/2024 14:37:32.13,Running,No Action Needed 
Sat 11/02/2024 14:42:32.15,Running,No Action Needed 
Sat 11/02/2024 14:47:32.12,Running,No Action Needed 
Sat 11/02/2024 14:52:32.18,Running,No Action Needed 
Sat 11/02/2024 14:57:32.19,Running,No Action Needed 
Sat 11/02/2024 15:02:32.20,Running,No Action Needed 
Sat 11/02/2024 15:07:32.13,Running,No Action Needed 
Sat 11/02/2024 15:12:32.13,Running,No Action Needed 
Sat 11/02/2024 15:17:32.18,Running,No Action Needed 
Sat 11/02/2024 15:22:32.12,Running,No Action Needed 
Sat 11/02/2024 15:27:32.19,Running,No Action Needed 
Sat 11/02/2024 15:32:32.18,Running,No Action Needed 
Sat 11/02/2024 15:37:32.22,Running,No Action Needed 
Sat 11/02/2024 15:42:32.16,Running,No Action Needed 
Sat 11/02/2024 15:47:32.13,Running,No Action Needed 
Sat 11/02/2024 15:52:32.17,Running,No Action Needed 
Sat 11/02/2024 15:57:32.20,Running,No Action Needed 
Sat 11/02/2024 16:02:32.22,Running,No Action Needed 
Sat 11/02/2024 16:17:10.07,Running,No Action Needed 
Sat 11/02/2024 16:27:31.09,Running,No Action Needed 
Sat 11/02/2024 16:32:31.13,Running,No Action Needed 
Sat 11/02/2024 16:37:31.13,Running,No Action Needed 
Sat 11/02/2024 16:42:31.13,Running,No Action Needed 
Sat 11/02/2024 16:47:31.15,Running,No Action Needed 
Sat 11/02/2024 16:52:31.19,Running,No Action Needed 
Sat 11/02/2024 16:57:31.13,Running,No Action Needed 
Sat 11/02/2024 17:02:31.21,Running,No Action Needed 
Sat 11/02/2024 17:07:31.22,Running,No Action Needed 
Sat 11/02/2024 17:12:31.18,Running,No Action Needed 
Sat 11/02/2024 17:17:31.17,Running,No Action Needed 
Sat 11/02/2024 17:22:31.20,Running,No Action Needed 
Sat 11/02/2024 17:27:31.15,Running,No Action Needed 
Sat 11/02/2024 17:32:31.54,Running,No Action Needed 
Sat 11/02/2024 17:37:31.21,Running,No Action Needed 
Sat 11/02/2024 17:42:31.20,Running,No Action Needed 
Sat 11/02/2024 17:47:31.20,Running,No Action Needed 
Sat 11/02/2024 17:52:31.13,Running,No Action Needed 
Sat 11/02/2024 17:57:31.16,Running,No Action Needed 
Sat 11/02/2024 18:02:31.19,Running,No Action Needed 
Sat 11/02/2024 18:07:31.23,Running,No Action Needed 
Sat 11/02/2024 18:12:31.15,Running,No Action Needed 
Sat 11/02/2024 18:17:31.20,Running,No Action Needed 
Sat 11/02/2024 18:22:31.13,Running,No Action Needed 
Sat 11/02/2024 18:27:31.12,Running,No Action Needed 
Sat 11/02/2024 18:32:31.23,Running,No Action Needed 
Sat 11/02/2024 18:37:31.20,Running,No Action Needed 
Sat 11/02/2024 18:42:31.12,Running,No Action Needed 
Sat 11/02/2024 18:47:31.19,Running,No Action Needed 
Sat 11/02/2024 18:52:31.18,Running,No Action Needed 
Sat 11/02/2024 18:57:31.20,Running,No Action Needed 
Sat 11/02/2024 19:02:31.23,Running,No Action Needed 
Sat 11/02/2024 19:07:31.21,Running,No Action Needed 
Sat 11/02/2024 19:12:31.20,Running,No Action Needed 
Sat 11/02/2024 19:17:31.17,Running,No Action Needed 
Sat 11/02/2024 19:22:31.15,Running,No Action Needed 
Sat 11/02/2024 19:27:31.17,Running,No Action Needed 
Sat 11/02/2024 19:32:31.13,Running,No Action Needed 
Sat 11/02/2024 19:37:31.23,Running,No Action Needed 
Sat 11/02/2024 19:42:31.17,Running,No Action Needed 
Sat 11/02/2024 19:47:31.22,Running,No Action Needed 
Sat 11/02/2024 19:52:31.22,Running,No Action Needed 
Sat 11/02/2024 19:57:31.16,Running,No Action Needed 
Sat 11/02/2024 20:02:31.20,Running,No Action Needed 
Sat 11/02/2024 20:07:31.13,Running,No Action Needed 
Sat 11/02/2024 20:12:31.18,Running,No Action Needed 
Sat 11/02/2024 20:17:31.19,Running,No Action Needed 
Sat 11/02/2024 20:22:31.13,Running,No Action Needed 
Sat 11/02/2024 20:27:31.11,Running,No Action Needed 
Sat 11/02/2024 20:32:31.18,Running,No Action Needed 
Sat 11/02/2024 20:37:31.16,Running,No Action Needed 
Sat 11/02/2024 20:42:31.19,Running,No Action Needed 
Sat 11/02/2024 20:47:31.16,Running,No Action Needed 
Sat 11/02/2024 20:52:31.20,Running,No Action Needed 
Sat 11/02/2024 20:57:31.20,Running,No Action Needed 
Sat 11/02/2024 21:02:31.22,Running,No Action Needed 
Sat 11/02/2024 21:07:31.22,Running,No Action Needed 
Sat 11/02/2024 21:12:31.15,Running,No Action Needed 
Sat 11/02/2024 21:17:31.13,Running,No Action Needed 
Sat 11/02/2024 21:22:31.13,Running,No Action Needed 
Sat 11/02/2024 21:27:31.18,Running,No Action Needed 
Sat 11/02/2024 21:32:31.15,Running,No Action Needed 
Sat 11/02/2024 21:37:31.20,Running,No Action Needed 
Sat 11/02/2024 21:42:31.13,Running,No Action Needed 
Sat 11/02/2024 21:47:31.14,Running,No Action Needed 
Sat 11/02/2024 21:52:31.14,Running,No Action Needed 
Sat 11/02/2024 21:57:31.22,Running,No Action Needed 
Sat 11/02/2024 22:02:31.12,Running,No Action Needed 
Sat 11/02/2024 22:07:31.20,Running,No Action Needed 
Sat 11/02/2024 22:12:31.22,Running,No Action Needed 
Sat 11/02/2024 22:17:31.18,Running,No Action Needed 
Sat 11/02/2024 22:22:31.15,Running,No Action Needed 
Sat 11/02/2024 22:27:31.19,Running,No Action Needed 
Sat 11/02/2024 22:32:31.12,Running,No Action Needed 
Sat 11/02/2024 22:37:31.22,Running,No Action Needed 
Sat 11/02/2024 22:42:31.15,Running,No Action Needed 
Sat 11/02/2024 22:47:31.16,Running,No Action Needed 
Sat 11/02/2024 22:52:31.15,Running,No Action Needed 
Sat 11/02/2024 22:57:31.17,Running,No Action Needed 
Sat 11/02/2024 23:02:31.14,Running,No Action Needed 
Sat 11/02/2024 23:07:31.14,Running,No Action Needed 
Sat 11/02/2024 23:12:31.22,Running,No Action Needed 
Sat 11/02/2024 23:17:31.17,Running,No Action Needed 
Sat 11/02/2024 23:22:31.13,Running,No Action Needed 
Sat 11/02/2024 23:27:31.18,Running,No Action Needed 
Sat 11/02/2024 23:32:31.14,Running,No Action Needed 
Sat 11/02/2024 23:37:31.13,Running,No Action Needed 
Sat 11/02/2024 23:42:31.17,Running,No Action Needed 
Sat 11/02/2024 23:47:31.12,Running,No Action Needed 
Sat 11/02/2024 23:52:31.12,Running,No Action Needed 
Sat 11/02/2024 23:57:31.12,Running,No Action Needed 
Sun 11/03/2024 00:02:31.14,Running,No Action Needed 
Sun 11/03/2024 00:07:31.20,Running,No Action Needed 
Sun 11/03/2024 00:12:31.14,Running,No Action Needed 
Sun 11/03/2024 00:17:31.16,Running,No Action Needed 
Sun 11/03/2024 00:22:31.18,Running,No Action Needed 
Sun 11/03/2024 00:27:31.16,Running,No Action Needed 
Sun 11/03/2024 00:32:31.17,Running,No Action Needed 
Sun 11/03/2024 00:37:31.17,Running,No Action Needed 
Sun 11/03/2024 00:42:31.16,Running,No Action Needed 
Sun 11/03/2024 00:47:31.14,Running,No Action Needed 
Sun 11/03/2024 00:52:31.18,Running,No Action Needed 
Sun 11/03/2024 00:57:31.19,Running,No Action Needed 
Sun 11/03/2024 01:02:31.18,Running,No Action Needed 
Sun 11/03/2024 01:07:31.18,Running,No Action Needed 
Sun 11/03/2024 01:12:31.18,Running,No Action Needed 
Sun 11/03/2024 01:17:31.12,Running,No Action Needed 
Sun 11/03/2024 01:22:31.16,Running,No Action Needed 
Sun 11/03/2024 01:27:31.15,Running,No Action Needed 
Sun 11/03/2024 01:32:31.12,Running,No Action Needed 
Sun 11/03/2024 01:37:31.13,Running,No Action Needed 
Sun 11/03/2024 20:09:29.89,Running,No Action Needed 
Sun 11/03/2024 20:10:51.12,Running,No Action Needed 
Sun 11/03/2024 20:13:38.57,Running,No Action Needed 
Sun 11/03/2024 20:21:12.87,Running,No Action Needed 
Sun 11/03/2024 20:26:14.20,Running,No Action Needed 
Sun 11/03/2024 20:31:15.22,Running,No Action Needed 
Sun 11/03/2024 20:36:16.18,Running,No Action Needed 
Sun 11/03/2024 20:41:17.12,Running,No Action Needed 
Sun 11/03/2024 20:46:18.15,Running,No Action Needed 
Sun 11/03/2024 20:51:19.19,Running,No Action Needed 
Sun 11/03/2024 20:56:20.18,Running,No Action Needed 
Sun 11/03/2024 21:01:21.18,Running,No Action Needed 
Sun 11/03/2024 21:06:22.20,Running,No Action Needed 
Sun 11/03/2024 21:11:23.20,Running,No Action Needed 
Sun 11/03/2024 21:16:24.14,Running,No Action Needed 
Sun 11/03/2024 21:21:25.16,Running,No Action Needed 
Sun 11/03/2024 21:26:26.15,Running,No Action Needed 
Sun 11/03/2024 21:31:27.22,Running,No Action Needed 
Sun 11/03/2024 21:36:28.16,Running,No Action Needed 
Sun 11/03/2024 21:41:29.12,Running,No Action Needed 
Sun 11/03/2024 21:45:41.03,Running,No Action Needed 
Sun 11/03/2024 21:49:46.49,Running,No Action Needed 
Sun 11/03/2024 21:54:21.87,Running,No Action Needed 
Sun 11/03/2024 21:58:49.81,Running,No Action Needed 
Sun 11/03/2024 22:03:51.18,Running,No Action Needed 
Sun 11/03/2024 22:08:52.15,Running,No Action Needed 
Sun 11/03/2024 22:13:53.13,Running,No Action Needed 
Sun 11/03/2024 22:18:54.16,Running,No Action Needed 
Sun 11/03/2024 22:23:55.18,Running,No Action Needed 
Sun 11/03/2024 22:28:56.21,Running,No Action Needed 
Sun 11/03/2024 22:33:57.22,Running,No Action Needed 
Sun 11/03/2024 22:38:58.16,Running,No Action Needed 
Sun 11/03/2024 22:43:59.12,Running,No Action Needed 
Sun 11/03/2024 22:49:00.15,Running,No Action Needed 
Sun 11/03/2024 22:54:01.21,Running,No Action Needed 
Sun 11/03/2024 22:59:02.17,Running,No Action Needed 
Sun 11/03/2024 23:04:03.15,Running,No Action Needed 
Sun 11/03/2024 23:09:04.15,Running,No Action Needed 
Sun 11/03/2024 23:14:05.19,Running,No Action Needed 
Sun 11/03/2024 23:19:06.20,Running,No Action Needed 
Sun 11/03/2024 23:24:07.23,Running,No Action Needed 
Sun 11/03/2024 23:29:08.21,Running,No Action Needed 
Sun 11/03/2024 23:34:09.20,Running,No Action Needed 
Sun 11/03/2024 23:39:10.17,Running,No Action Needed 
Sun 11/03/2024 23:44:11.14,Running,No Action Needed 
Sun 11/03/2024 23:49:12.14,Running,No Action Needed 
Sun 11/03/2024 23:54:13.21,Running,No Action Needed 
Sun 11/03/2024 23:59:14.17,Running,No Action Needed 
Mon 11/04/2024 00:04:15.22,Running,No Action Needed 
Mon 11/04/2024 00:09:16.17,Running,No Action Needed 
Mon 11/04/2024 00:14:17.21,Running,No Action Needed 
Mon 11/04/2024 00:19:18.13,Running,No Action Needed 
Mon 11/04/2024 00:24:19.22,Running,No Action Needed 
Mon 11/04/2024 00:29:20.13,Running,No Action Needed 
Mon 11/04/2024 00:34:21.18,Running,No Action Needed 
Mon 11/04/2024 00:39:22.21,Running,No Action Needed 
Mon 11/04/2024 00:44:23.12,Running,No Action Needed 
Mon 11/04/2024 00:49:24.17,Running,No Action Needed 
Mon 11/04/2024 00:54:25.16,Running,No Action Needed 
Mon 11/04/2024 00:59:26.14,Running,No Action Needed 
Mon 11/04/2024 01:04:27.23,Running,No Action Needed 
Mon 11/04/2024 01:09:28.20,Running,No Action Needed 
Mon 11/04/2024 01:14:30.19,Running,No Action Needed 
Mon 11/04/2024 01:19:31.22,Running,No Action Needed 
Mon 11/04/2024 01:24:32.16,Running,No Action Needed 
Mon 11/04/2024 01:29:33.22,Running,No Action Needed 
Mon 11/04/2024 01:34:34.11,Running,No Action Needed 
Mon 11/04/2024 01:39:35.20,Running,No Action Needed 
Mon 11/04/2024 01:44:36.22,Running,No Action Needed 
Mon 11/04/2024 01:49:37.15,Running,No Action Needed 
Mon 11/04/2024 01:54:38.14,Running,No Action Needed 
Mon 11/04/2024 01:59:39.13,Running,No Action Needed 
Mon 11/04/2024 02:04:40.19,Running,No Action Needed 
Mon 11/04/2024 02:09:41.15,Running,No Action Needed 
Mon 11/04/2024 02:14:42.16,Running,No Action Needed 
Mon 11/04/2024 02:19:43.21,Running,No Action Needed 
Mon 11/04/2024 02:24:44.18,Running,No Action Needed 
Mon 11/04/2024 02:29:45.16,Running,No Action Needed 
Mon 11/04/2024 02:34:46.19,Running,No Action Needed 
Mon 11/04/2024 02:39:47.12,Running,No Action Needed 
Mon 11/04/2024 02:44:48.21,Running,No Action Needed 
Mon 11/04/2024 02:49:50.16,Running,No Action Needed 
Mon 11/04/2024 02:54:51.18,Running,No Action Needed 
Mon 11/04/2024 02:59:52.13,Running,No Action Needed 
Mon 11/04/2024 03:04:53.23,Running,No Action Needed 
Mon 11/04/2024 03:09:54.21,Running,No Action Needed 
Mon 11/04/2024 03:14:55.16,Running,No Action Needed 
Mon 11/04/2024 03:19:56.14,Running,No Action Needed 
Mon 11/04/2024 03:24:57.15,Running,No Action Needed 
Mon 11/04/2024 03:29:58.23,Running,No Action Needed 
Mon 11/04/2024 03:30:12.37,Not Running,Restarted 
Mon 11/04/2024 03:30:12.71,Not Running,Restarted 
Mon 11/04/2024 03:30:12.83,Not Running,Restarted 
Mon 11/04/2024 03:32:19.56,Not Running,Restarted 
Mon 11/04/2024 03:41:13.19,Running,No Action Needed 
Mon 11/04/2024 03:46:14.16,Running,No Action Needed 
Mon 11/04/2024 03:51:15.19,Running,No Action Needed 
Mon 11/04/2024 03:56:16.22,Running,No Action Needed 
Mon 11/04/2024 04:01:17.20,Running,No Action Needed 
Mon 11/04/2024 04:06:18.18,Running,No Action Needed 
Mon 11/04/2024 04:11:19.14,Running,No Action Needed 
Mon 11/04/2024 04:16:20.15,Running,No Action Needed 
Mon 11/04/2024 04:21:21.13,Running,No Action Needed 
Mon 11/04/2024 04:26:22.13,Running,No Action Needed 
Mon 11/04/2024 04:31:23.22,Running,No Action Needed 
Mon 11/04/2024 04:36:24.22,Running,No Action Needed 
Mon 11/04/2024 04:41:25.22,Running,No Action Needed 
Mon 11/04/2024 04:46:26.16,Running,No Action Needed 
Mon 11/04/2024 04:51:27.21,Running,No Action Needed 
Mon 11/04/2024 04:56:28.15,Running,No Action Needed 
Mon 11/04/2024 05:01:29.12,Running,No Action Needed 
Mon 11/04/2024 05:06:30.14,Running,No Action Needed 
Mon 11/04/2024 05:11:31.19,Running,No Action Needed 
Mon 11/04/2024 05:16:32.13,Running,No Action Needed 
Mon 11/04/2024 05:21:33.11,Running,No Action Needed 
Mon 11/04/2024 05:26:35.15,Running,No Action Needed 
Mon 11/04/2024 05:31:36.22,Running,No Action Needed 
Mon 11/04/2024 05:36:37.18,Running,No Action Needed 
Mon 11/04/2024 05:41:38.13,Running,No Action Needed 
Mon 11/04/2024 05:46:39.20,Running,No Action Needed 
Mon 11/04/2024 05:51:40.22,Running,No Action Needed 
Mon 11/04/2024 05:56:41.12,Running,No Action Needed 
Mon 11/04/2024 06:01:42.16,Running,No Action Needed 
Mon 11/04/2024 06:06:43.16,Running,No Action Needed 
Mon 11/04/2024 06:11:44.22,Running,No Action Needed 
Mon 11/04/2024 06:16:45.18,Running,No Action Needed 
Mon 11/04/2024 06:21:46.18,Running,No Action Needed 
Mon 11/04/2024 06:26:47.17,Running,No Action Needed 
Mon 11/04/2024 06:31:48.19,Running,No Action Needed 
Mon 11/04/2024 06:36:49.17,Running,No Action Needed 
Mon 11/04/2024 06:41:50.16,Running,No Action Needed 
Mon 11/04/2024 06:46:51.22,Running,No Action Needed 
Mon 11/04/2024 06:51:52.18,Running,No Action Needed 
Mon 11/04/2024 06:56:53.21,Running,No Action Needed 
Mon 11/04/2024 07:01:54.20,Running,No Action Needed 
Mon 11/04/2024 07:06:55.25,Running,No Action Needed 
Mon 11/04/2024 07:11:56.13,Running,No Action Needed 
Mon 11/04/2024 07:16:57.21,Running,No Action Needed 
Mon 11/04/2024 07:21:58.14,Running,No Action Needed 
Mon 11/04/2024 07:26:59.16,Running,No Action Needed 
Mon 11/04/2024 07:32:00.22,Running,No Action Needed 
Mon 11/04/2024 07:37:01.13,Running,No Action Needed 
Mon 11/04/2024 07:42:02.14,Running,No Action Needed 
Mon 11/04/2024 07:47:03.13,Running,No Action Needed 
Mon 11/04/2024 07:52:04.20,Running,No Action Needed 
Mon 11/04/2024 07:57:05.19,Running,No Action Needed 
Mon 11/04/2024 08:02:06.15,Running,No Action Needed 
Mon 11/04/2024 08:07:07.19,Running,No Action Needed 
Mon 11/04/2024 08:12:08.13,Running,No Action Needed 
Mon 11/04/2024 08:17:09.17,Running,No Action Needed 
Mon 11/04/2024 08:22:10.16,Running,No Action Needed 
Mon 11/04/2024 08:27:11.16,Running,No Action Needed 
Mon 11/04/2024 08:32:12.17,Running,No Action Needed 
Mon 11/04/2024 08:37:13.17,Running,No Action Needed 
Mon 11/04/2024 08:42:14.22,Running,No Action Needed 
Mon 11/04/2024 08:47:15.12,Running,No Action Needed 
Mon 11/04/2024 08:52:16.15,Running,No Action Needed 
Mon 11/04/2024 08:57:17.19,Running,No Action Needed 
Mon 11/04/2024 09:02:18.21,Running,No Action Needed 
Mon 11/04/2024 09:07:19.16,Running,No Action Needed 
Mon 11/04/2024 09:12:20.14,Running,No Action Needed 
Mon 11/04/2024 09:17:21.12,Running,No Action Needed 
Mon 11/04/2024 09:22:22.21,Running,No Action Needed 
Mon 11/04/2024 09:27:23.13,Running,No Action Needed 
Mon 11/04/2024 09:32:24.22,Running,No Action Needed 
Mon 11/04/2024 09:37:25.13,Running,No Action Needed 
Mon 11/04/2024 09:42:26.22,Running,No Action Needed 
Mon 11/04/2024 09:47:27.13,Running,No Action Needed 
Mon 11/04/2024 09:52:28.20,Running,No Action Needed 
Mon 11/04/2024 09:57:29.14,Running,No Action Needed 
Mon 11/04/2024 10:02:30.22,Running,No Action Needed 
Mon 11/04/2024 10:07:31.12,Running,No Action Needed 
Mon 11/04/2024 10:12:32.17,Running,No Action Needed 
Mon 11/04/2024 10:17:33.15,Running,No Action Needed 
Mon 11/04/2024 10:22:35.16,Running,No Action Needed 
Mon 11/04/2024 10:27:36.17,Running,No Action Needed 
Mon 11/04/2024 10:32:37.22,Running,No Action Needed 
Mon 11/04/2024 10:37:38.21,Running,No Action Needed 
Mon 11/04/2024 10:42:39.14,Running,No Action Needed 
Mon 11/04/2024 10:47:40.18,Running,No Action Needed 
Mon 11/04/2024 10:52:41.13,Running,No Action Needed 
Mon 11/04/2024 10:57:42.22,Running,No Action Needed 
Mon 11/04/2024 11:02:43.14,Running,No Action Needed 
Mon 11/04/2024 11:07:44.19,Running,No Action Needed 
Mon 11/04/2024 11:12:45.15,Running,No Action Needed 
Mon 11/04/2024 11:17:46.17,Running,No Action Needed 
Mon 11/04/2024 11:22:47.19,Running,No Action Needed 
Mon 11/04/2024 11:27:48.22,Running,No Action Needed 
Mon 11/04/2024 11:32:49.17,Running,No Action Needed 
Mon 11/04/2024 11:37:50.15,Running,No Action Needed 
Mon 11/04/2024 11:42:51.14,Running,No Action Needed 
Mon 11/04/2024 11:47:52.15,Running,No Action Needed 
Mon 11/04/2024 11:52:53.16,Running,No Action Needed 
Mon 11/04/2024 11:57:54.16,Running,No Action Needed 
Mon 11/04/2024 12:02:55.16,Running,No Action Needed 
Mon 11/04/2024 12:07:56.19,Running,No Action Needed 
Mon 11/04/2024 12:12:57.22,Running,No Action Needed 
Mon 11/04/2024 12:17:58.18,Running,No Action Needed 
Mon 11/04/2024 12:22:59.16,Running,No Action Needed 
Mon 11/04/2024 12:28:00.21,Running,No Action Needed 
Mon 11/04/2024 12:33:01.20,Running,No Action Needed 
Mon 11/04/2024 12:38:02.15,Running,No Action Needed 
Mon 11/04/2024 12:43:03.13,Running,No Action Needed 
Mon 11/04/2024 12:48:04.12,Running,No Action Needed 
Mon 11/04/2024 12:53:05.17,Running,No Action Needed 
Mon 11/04/2024 12:58:06.21,Running,No Action Needed 
Mon 11/04/2024 13:03:07.16,Running,No Action Needed 
Mon 11/04/2024 13:08:08.20,Running,No Action Needed 
Mon 11/04/2024 13:13:09.13,Running,No Action Needed 
Mon 11/04/2024 13:18:10.16,Running,No Action Needed 
Mon 11/04/2024 13:23:11.16,Running,No Action Needed 
Mon 11/04/2024 13:28:12.19,Running,No Action Needed 
Mon 11/04/2024 13:33:13.19,Running,No Action Needed 
Mon 11/04/2024 13:38:14.20,Running,No Action Needed 
Mon 11/04/2024 13:43:15.15,Running,No Action Needed 
Mon 11/04/2024 13:48:16.13,Running,No Action Needed 
Mon 11/04/2024 13:53:17.17,Running,No Action Needed 
Mon 11/04/2024 13:58:18.14,Running,No Action Needed 
Mon 11/04/2024 14:03:19.14,Running,No Action Needed 
Mon 11/04/2024 14:08:20.19,Running,No Action Needed 
Mon 11/04/2024 14:13:21.22,Running,No Action Needed 
Mon 11/04/2024 14:18:22.18,Running,No Action Needed 
Mon 11/04/2024 14:23:23.23,Running,No Action Needed 
Mon 11/04/2024 14:28:24.19,Running,No Action Needed 
Mon 11/04/2024 14:33:25.19,Running,No Action Needed 
Mon 11/04/2024 14:38:26.13,Running,No Action Needed 
Mon 11/04/2024 14:43:27.13,Running,No Action Needed 
Mon 11/04/2024 14:48:28.19,Running,No Action Needed 
Mon 11/04/2024 14:53:29.21,Running,No Action Needed 
Mon 11/04/2024 14:58:30.12,Running,No Action Needed 
Mon 11/04/2024 15:03:31.14,Running,No Action Needed 
Mon 11/04/2024 15:08:32.17,Running,No Action Needed 
Mon 11/04/2024 15:13:34.22,Running,No Action Needed 
Mon 11/04/2024 15:18:35.22,Running,No Action Needed 
Mon 11/04/2024 15:23:36.12,Running,No Action Needed 
Mon 11/04/2024 15:28:37.21,Running,No Action Needed 
Mon 11/04/2024 15:33:38.22,Running,No Action Needed 
Mon 11/04/2024 15:38:39.15,Running,No Action Needed 
Mon 11/04/2024 15:43:40.20,Running,No Action Needed 
Mon 11/04/2024 15:48:41.14,Running,No Action Needed 
Mon 11/04/2024 15:53:42.16,Running,No Action Needed 
Mon 11/04/2024 15:58:43.20,Running,No Action Needed 
Mon 11/04/2024 16:03:44.16,Running,No Action Needed 
Mon 11/04/2024 16:08:45.18,Running,No Action Needed 
Mon 11/04/2024 16:13:46.12,Running,No Action Needed 
Mon 11/04/2024 16:18:47.20,Running,No Action Needed 
Mon 11/04/2024 16:23:48.23,Running,No Action Needed 
Mon 11/04/2024 16:28:49.20,Running,No Action Needed 
Mon 11/04/2024 16:33:50.13,Running,No Action Needed 
Mon 11/04/2024 16:38:51.13,Running,No Action Needed 
Mon 11/04/2024 16:43:52.13,Running,No Action Needed 
Mon 11/04/2024 16:48:53.17,Running,No Action Needed 
Mon 11/04/2024 16:53:54.17,Running,No Action Needed 
Mon 11/04/2024 16:58:55.19,Running,No Action Needed 
Mon 11/04/2024 17:03:56.12,Running,No Action Needed 
Mon 11/04/2024 17:08:57.22,Running,No Action Needed 
Mon 11/04/2024 17:13:58.20,Running,No Action Needed 
Mon 11/04/2024 17:18:59.20,Running,No Action Needed 
Mon 11/04/2024 17:24:00.20,Running,No Action Needed 
Mon 11/04/2024 17:29:01.19,Running,No Action Needed 
Mon 11/04/2024 17:34:02.13,Running,No Action Needed 
Mon 11/04/2024 17:39:03.19,Running,No Action Needed 
Mon 11/04/2024 17:44:04.17,Running,No Action Needed 
Mon 11/04/2024 17:49:05.14,Running,No Action Needed 
Mon 11/04/2024 17:54:06.13,Running,No Action Needed 
Mon 11/04/2024 17:59:07.20,Running,No Action Needed 
Mon 11/04/2024 18:04:08.17,Running,No Action Needed 
Mon 11/04/2024 18:09:09.20,Running,No Action Needed 
Mon 11/04/2024 18:14:10.16,Running,No Action Needed 
Mon 11/04/2024 18:19:11.12,Running,No Action Needed 
Mon 11/04/2024 18:24:12.20,Running,No Action Needed 
Mon 11/04/2024 18:29:13.16,Running,No Action Needed 
Mon 11/04/2024 18:34:14.18,Running,No Action Needed 
Mon 11/04/2024 18:39:15.16,Running,No Action Needed 
Mon 11/04/2024 18:44:16.20,Running,No Action Needed 
Mon 11/04/2024 18:49:17.21,Running,No Action Needed 
Mon 11/04/2024 18:54:18.16,Running,No Action Needed 
Mon 11/04/2024 18:59:19.14,Running,No Action Needed 
Mon 11/04/2024 19:04:20.19,Running,No Action Needed 
Mon 11/04/2024 19:09:21.17,Running,No Action Needed 
Mon 11/04/2024 19:14:22.15,Running,No Action Needed 
Mon 11/04/2024 19:19:23.20,Running,No Action Needed 
Mon 11/04/2024 19:24:24.22,Running,No Action Needed 
Mon 11/04/2024 19:29:25.19,Running,No Action Needed 
Mon 11/04/2024 19:34:26.15,Running,No Action Needed 
Mon 11/04/2024 19:39:27.18,Running,No Action Needed 
Mon 11/04/2024 19:44:28.16,Running,No Action Needed 
Mon 11/04/2024 19:49:29.16,Running,No Action Needed 
Mon 11/04/2024 19:54:30.17,Running,No Action Needed 
Mon 11/04/2024 19:59:31.13,Running,No Action Needed 
Mon 11/04/2024 20:04:32.16,Running,No Action Needed 
Mon 11/04/2024 20:09:33.15,Running,No Action Needed 
Mon 11/04/2024 20:14:34.20,Running,No Action Needed 
Mon 11/04/2024 20:19:35.13,Running,No Action Needed 
Mon 11/04/2024 20:24:36.12,Running,No Action Needed 
Mon 11/04/2024 20:29:37.19,Running,No Action Needed 
Mon 11/04/2024 20:34:38.13,Running,No Action Needed 
Mon 11/04/2024 20:39:39.14,Running,No Action Needed 
Mon 11/04/2024 20:44:40.18,Running,No Action Needed 
Mon 11/04/2024 20:49:41.21,Running,No Action Needed 
Mon 11/04/2024 20:54:42.14,Running,No Action Needed 
Mon 11/04/2024 20:59:43.11,Running,No Action Needed 
Mon 11/04/2024 21:04:44.15,Running,No Action Needed 
Mon 11/04/2024 21:09:45.19,Running,No Action Needed 
Mon 11/04/2024 21:14:46.12,Running,No Action Needed 
Mon 11/04/2024 21:19:47.12,Running,No Action Needed 
Mon 11/04/2024 21:24:48.20,Running,No Action Needed 
Mon 11/04/2024 21:29:49.13,Running,No Action Needed 
Mon 11/04/2024 21:34:50.13,Running,No Action Needed 
Mon 11/04/2024 21:39:51.18,Running,No Action Needed 
Mon 11/04/2024 21:44:52.19,Running,No Action Needed 
Mon 11/04/2024 21:49:53.19,Running,No Action Needed 
Mon 11/04/2024 21:54:54.21,Running,No Action Needed 
Mon 11/04/2024 21:59:55.15,Running,No Action Needed 
Mon 11/04/2024 22:04:56.17,Running,No Action Needed 
Mon 11/04/2024 22:09:57.21,Running,No Action Needed 
Mon 11/04/2024 22:14:59.19,Running,No Action Needed 
Mon 11/04/2024 22:20:00.23,Running,No Action Needed 
Mon 11/04/2024 22:25:01.19,Running,No Action Needed 
Mon 11/04/2024 22:30:02.14,Running,No Action Needed 
Mon 11/04/2024 22:35:03.17,Running,No Action Needed 
Mon 11/04/2024 22:40:04.20,Running,No Action Needed 
Mon 11/04/2024 22:45:05.22,Running,No Action Needed 
Mon 11/04/2024 22:50:06.14,Running,No Action Needed 
Mon 11/04/2024 22:55:07.20,Running,No Action Needed 
Mon 11/04/2024 23:00:08.18,Running,No Action Needed 
Mon 11/04/2024 23:05:09.20,Running,No Action Needed 
Mon 11/04/2024 23:10:10.16,Running,No Action Needed 
Mon 11/04/2024 23:15:11.16,Running,No Action Needed 
Mon 11/04/2024 23:20:12.19,Running,No Action Needed 
Mon 11/04/2024 23:25:13.22,Running,No Action Needed 
Mon 11/04/2024 23:30:14.23,Running,No Action Needed 
Mon 11/04/2024 23:35:15.16,Running,No Action Needed 
Mon 11/04/2024 23:40:16.19,Running,No Action Needed 
Mon 11/04/2024 23:45:17.17,Running,No Action Needed 
Mon 11/04/2024 23:50:18.21,Running,No Action Needed 
Mon 11/04/2024 23:55:19.12,Running,No Action Needed 
Tue 11/05/2024 00:00:20.15,Running,No Action Needed 
Tue 11/05/2024 00:05:21.17,Running,No Action Needed 
Tue 11/05/2024 00:10:22.20,Running,No Action Needed 
Tue 11/05/2024 00:15:23.16,Running,No Action Needed 
Tue 11/05/2024 00:20:24.16,Running,No Action Needed 
Tue 11/05/2024 00:25:25.20,Running,No Action Needed 
Tue 11/05/2024 00:30:26.19,Running,No Action Needed 
Tue 11/05/2024 00:35:27.12,Running,No Action Needed 
Tue 11/05/2024 00:40:28.13,Running,No Action Needed 
Tue 11/05/2024 00:45:29.14,Running,No Action Needed 
Tue 11/05/2024 00:50:30.14,Running,No Action Needed 
Tue 11/05/2024 00:55:31.18,Running,No Action Needed 
Tue 11/05/2024 01:00:32.13,Running,No Action Needed 
Tue 11/05/2024 01:05:33.16,Running,No Action Needed 
Tue 11/05/2024 01:10:34.16,Running,No Action Needed 
Tue 11/05/2024 01:15:35.15,Running,No Action Needed 
Tue 11/05/2024 01:20:36.15,Running,No Action Needed 
Tue 11/05/2024 01:25:37.16,Running,No Action Needed 
Tue 11/05/2024 01:30:38.18,Running,No Action Needed 
Tue 11/05/2024 01:35:39.17,Running,No Action Needed 
Tue 11/05/2024 01:40:40.22,Running,No Action Needed 
Tue 11/05/2024 01:45:41.16,Running,No Action Needed 
Tue 11/05/2024 01:50:42.17,Running,No Action Needed 
Tue 11/05/2024 01:55:43.15,Running,No Action Needed 
Tue 11/05/2024 02:00:44.18,Running,No Action Needed 
Tue 11/05/2024 02:05:45.13,Running,No Action Needed 
Tue 11/05/2024 02:10:46.16,Running,No Action Needed 
Tue 11/05/2024 02:15:47.14,Running,No Action Needed 
Tue 11/05/2024 02:20:48.14,Running,No Action Needed 
Tue 11/05/2024 02:25:49.13,Running,No Action Needed 
Tue 11/05/2024 02:30:50.15,Running,No Action Needed 
Tue 11/05/2024 02:35:51.14,Running,No Action Needed 
Tue 11/05/2024 02:40:52.22,Running,No Action Needed 
Tue 11/05/2024 02:45:53.13,Running,No Action Needed 
Tue 11/05/2024 02:50:54.17,Running,No Action Needed 
Tue 11/05/2024 02:55:55.12,Running,No Action Needed 
Tue 11/05/2024 03:00:56.15,Running,No Action Needed 
Tue 11/05/2024 03:05:57.17,Running,No Action Needed 
Tue 11/05/2024 03:10:58.12,Running,No Action Needed 
Tue 11/05/2024 03:15:59.20,Running,No Action Needed 
Tue 11/05/2024 03:21:00.13,Running,No Action Needed 
Tue 11/05/2024 03:26:01.22,Running,No Action Needed 
Tue 11/05/2024 03:31:02.21,Running,No Action Needed 
Tue 11/05/2024 03:36:03.14,Running,No Action Needed 
Tue 11/05/2024 03:41:04.11,Running,No Action Needed 
Tue 11/05/2024 03:46:05.24,Running,No Action Needed 
Tue 11/05/2024 03:51:07.18,Running,No Action Needed 
Tue 11/05/2024 03:56:08.19,Running,No Action Needed 
Tue 11/05/2024 04:01:09.14,Running,No Action Needed 
Tue 11/05/2024 04:06:10.16,Running,No Action Needed 
Tue 11/05/2024 04:11:11.16,Running,No Action Needed 
Tue 11/05/2024 04:16:12.18,Running,No Action Needed 
Tue 11/05/2024 04:21:13.14,Running,No Action Needed 
Tue 11/05/2024 04:26:14.15,Running,No Action Needed 
Tue 11/05/2024 04:31:15.22,Running,No Action Needed 
Tue 11/05/2024 04:36:16.21,Running,No Action Needed 
Tue 11/05/2024 04:41:17.14,Running,No Action Needed 
Tue 11/05/2024 04:46:18.18,Running,No Action Needed 
Tue 11/05/2024 04:51:19.14,Running,No Action Needed 
Tue 11/05/2024 04:56:20.14,Running,No Action Needed 
Tue 11/05/2024 05:01:21.21,Running,No Action Needed 
Tue 11/05/2024 05:06:22.14,Running,No Action Needed 
Tue 11/05/2024 05:11:23.21,Running,No Action Needed 
Tue 11/05/2024 05:16:24.20,Running,No Action Needed 
Tue 11/05/2024 05:21:25.14,Running,No Action Needed 
Tue 11/05/2024 05:26:26.16,Running,No Action Needed 
Tue 11/05/2024 05:31:27.21,Running,No Action Needed 
Tue 11/05/2024 05:36:28.18,Running,No Action Needed 
Tue 11/05/2024 05:41:29.13,Running,No Action Needed 
Tue 11/05/2024 05:46:30.20,Running,No Action Needed 
Tue 11/05/2024 05:51:31.20,Running,No Action Needed 
Tue 11/05/2024 05:56:32.19,Running,No Action Needed 
Tue 11/05/2024 06:01:33.12,Running,No Action Needed 
Tue 11/05/2024 06:06:34.22,Running,No Action Needed 
Tue 11/05/2024 06:11:35.21,Running,No Action Needed 
Tue 11/05/2024 06:16:36.13,Running,No Action Needed 
Tue 11/05/2024 06:21:37.13,Running,No Action Needed 
Tue 11/05/2024 06:26:38.13,Running,No Action Needed 
Tue 11/05/2024 06:31:39.19,Running,No Action Needed 
Tue 11/05/2024 06:36:40.18,Running,No Action Needed 
Tue 11/05/2024 06:41:41.13,Running,No Action Needed 
Tue 11/05/2024 06:46:42.20,Running,No Action Needed 
Tue 11/05/2024 06:51:43.18,Running,No Action Needed 
Tue 11/05/2024 06:56:44.15,Running,No Action Needed 
Tue 11/05/2024 07:01:45.19,Running,No Action Needed 
Tue 11/05/2024 07:06:46.26,Running,No Action Needed 
Tue 11/05/2024 07:11:47.16,Running,No Action Needed 
Tue 11/05/2024 07:16:48.19,Running,No Action Needed 
Tue 11/05/2024 07:21:49.19,Running,No Action Needed 
Tue 11/05/2024 07:26:50.17,Running,No Action Needed 
Tue 11/05/2024 07:31:51.20,Running,No Action Needed 
Tue 11/05/2024 07:36:52.23,Running,No Action Needed 
Tue 11/05/2024 07:41:53.22,Running,No Action Needed 
Tue 11/05/2024 07:46:54.19,Running,No Action Needed 
Tue 11/05/2024 07:51:55.21,Running,No Action Needed 
Tue 11/05/2024 07:56:56.19,Running,No Action Needed 
Tue 11/05/2024 08:01:57.21,Running,No Action Needed 
Tue 11/05/2024 08:06:58.13,Running,No Action Needed 
Tue 11/05/2024 08:11:59.16,Running,No Action Needed 
Tue 11/05/2024 08:17:00.15,Running,No Action Needed 
Tue 11/05/2024 08:22:01.12,Running,No Action Needed 
Tue 11/05/2024 08:27:02.13,Running,No Action Needed 
Tue 11/05/2024 08:32:03.18,Running,No Action Needed 
Tue 11/05/2024 08:37:06.19,Running,No Action Needed 
Tue 11/05/2024 08:42:07.12,Running,No Action Needed 
Tue 11/05/2024 08:47:08.21,Running,No Action Needed 
Tue 11/05/2024 08:52:09.14,Running,No Action Needed 
Tue 11/05/2024 08:57:10.22,Running,No Action Needed 
Tue 11/05/2024 09:02:11.16,Running,No Action Needed 
Tue 11/05/2024 09:07:12.19,Running,No Action Needed 
Tue 11/05/2024 09:12:14.21,Running,No Action Needed 
Tue 11/05/2024 09:17:16.12,Running,No Action Needed 
Tue 11/05/2024 09:22:17.12,Running,No Action Needed 
Tue 11/05/2024 09:27:18.12,Running,No Action Needed 
Tue 11/05/2024 09:32:19.15,Running,No Action Needed 
Tue 11/05/2024 09:37:21.20,Running,No Action Needed 
Tue 11/05/2024 09:42:22.12,Running,No Action Needed 
Tue 11/05/2024 09:47:23.18,Running,No Action Needed 
Tue 11/05/2024 09:52:24.13,Running,No Action Needed 
Tue 11/05/2024 09:57:25.21,Running,No Action Needed 
Tue 11/05/2024 10:02:26.17,Running,No Action Needed 
Tue 11/05/2024 10:07:27.16,Running,No Action Needed 
Tue 11/05/2024 10:12:28.14,Running,No Action Needed 
Tue 11/05/2024 10:17:29.21,Running,No Action Needed 
Tue 11/05/2024 10:22:30.15,Running,No Action Needed 
Tue 11/05/2024 10:27:31.15,Running,No Action Needed 
Tue 11/05/2024 10:32:32.22,Running,No Action Needed 
Tue 11/05/2024 10:37:33.18,Running,No Action Needed 
Tue 11/05/2024 10:42:34.20,Running,No Action Needed 
Tue 11/05/2024 10:47:35.12,Running,No Action Needed 
Tue 11/05/2024 10:52:36.12,Running,No Action Needed 
Tue 11/05/2024 10:57:37.22,Running,No Action Needed 
Tue 11/05/2024 11:02:38.13,Running,No Action Needed 
Tue 11/05/2024 11:07:39.19,Running,No Action Needed 
Tue 11/05/2024 11:12:40.14,Running,No Action Needed 
Tue 11/05/2024 11:17:41.17,Running,No Action Needed 
Tue 11/05/2024 11:22:42.16,Running,No Action Needed 
Tue 11/05/2024 11:27:43.18,Running,No Action Needed 
Tue 11/05/2024 11:32:44.21,Running,No Action Needed 
Tue 11/05/2024 11:37:45.19,Running,No Action Needed 
Tue 11/05/2024 11:42:46.19,Running,No Action Needed 
Tue 11/05/2024 11:47:47.18,Running,No Action Needed 
Tue 11/05/2024 11:52:48.16,Running,No Action Needed 
Tue 11/05/2024 11:57:49.13,Running,No Action Needed 
Tue 11/05/2024 12:02:50.15,Running,No Action Needed 
Tue 11/05/2024 12:07:51.22,Running,No Action Needed 
Tue 11/05/2024 12:12:52.20,Running,No Action Needed 
Tue 11/05/2024 12:17:53.17,Running,No Action Needed 
Tue 11/05/2024 12:22:54.13,Running,No Action Needed 
Tue 11/05/2024 12:27:55.22,Running,No Action Needed 
Tue 11/05/2024 12:32:56.16,Running,No Action Needed 
Tue 11/05/2024 12:37:57.21,Running,No Action Needed 
Tue 11/05/2024 12:42:58.18,Running,No Action Needed 
Tue 11/05/2024 12:47:59.17,Running,No Action Needed 
Tue 11/05/2024 12:53:00.19,Running,No Action Needed 
Tue 11/05/2024 12:58:01.13,Running,No Action Needed 
Tue 11/05/2024 13:03:02.14,Running,No Action Needed 
Tue 11/05/2024 13:08:03.15,Running,No Action Needed 
Tue 11/05/2024 13:13:05.18,Running,No Action Needed 
Tue 11/05/2024 13:18:06.19,Running,No Action Needed 
Tue 11/05/2024 13:23:07.22,Running,No Action Needed 
Tue 11/05/2024 13:28:08.21,Running,No Action Needed 
Tue 11/05/2024 13:33:09.19,Running,No Action Needed 
Tue 11/05/2024 13:38:14.16,Running,No Action Needed 
Tue 11/05/2024 13:43:15.12,Running,No Action Needed 
Tue 11/05/2024 13:48:16.16,Running,No Action Needed 
Tue 11/05/2024 13:53:17.18,Running,No Action Needed 
Tue 11/05/2024 13:58:18.22,Running,No Action Needed 
Tue 11/05/2024 14:03:19.13,Running,No Action Needed 
Tue 11/05/2024 14:08:20.16,Running,No Action Needed 
Tue 11/05/2024 14:13:21.13,Running,No Action Needed 
Tue 11/05/2024 14:18:22.18,Running,No Action Needed 
Tue 11/05/2024 14:23:23.13,Running,No Action Needed 
Tue 11/05/2024 14:28:24.18,Running,No Action Needed 
Tue 11/05/2024 14:33:25.15,Running,No Action Needed 
Tue 11/05/2024 14:38:26.19,Running,No Action Needed 
Tue 11/05/2024 14:43:27.15,Running,No Action Needed 
Tue 11/05/2024 14:48:28.18,Running,No Action Needed 
Tue 11/05/2024 14:53:29.21,Running,No Action Needed 
Tue 11/05/2024 14:58:30.17,Running,No Action Needed 
Tue 11/05/2024 15:03:31.11,Running,No Action Needed 
Tue 11/05/2024 15:08:32.17,Running,No Action Needed 
Tue 11/05/2024 15:13:33.15,Running,No Action Needed 
Tue 11/05/2024 15:18:34.15,Running,No Action Needed 
Tue 11/05/2024 15:23:35.21,Running,No Action Needed 
Tue 11/05/2024 15:28:36.20,Running,No Action Needed 
Tue 11/05/2024 15:33:37.20,Running,No Action Needed 
Tue 11/05/2024 15:38:38.14,Running,No Action Needed 
Tue 11/05/2024 15:43:39.16,Running,No Action Needed 
Tue 11/05/2024 15:48:40.20,Running,No Action Needed 
Tue 11/05/2024 15:53:41.18,Running,No Action Needed 
Tue 11/05/2024 15:58:42.20,Running,No Action Needed 
Tue 11/05/2024 16:03:43.15,Running,No Action Needed 
Tue 11/05/2024 16:08:44.19,Running,No Action Needed 
Tue 11/05/2024 16:13:45.13,Running,No Action Needed 
Tue 11/05/2024 16:18:46.18,Running,No Action Needed 
Tue 11/05/2024 16:23:47.16,Running,No Action Needed 
Tue 11/05/2024 16:28:48.15,Running,No Action Needed 
Tue 11/05/2024 16:33:49.22,Running,No Action Needed 
Tue 11/05/2024 16:38:50.13,Running,No Action Needed 
Tue 11/05/2024 16:43:51.22,Running,No Action Needed 
Tue 11/05/2024 16:48:52.22,Running,No Action Needed 
Tue 11/05/2024 16:53:53.12,Running,No Action Needed 
Tue 11/05/2024 16:58:54.17,Running,No Action Needed 
Tue 11/05/2024 17:03:55.19,Running,No Action Needed 
Tue 11/05/2024 17:08:57.17,Running,No Action Needed 
Tue 11/05/2024 17:13:58.21,Running,No Action Needed 
Tue 11/05/2024 17:18:59.15,Running,No Action Needed 
Tue 11/05/2024 17:24:00.17,Running,No Action Needed 
Tue 11/05/2024 17:29:01.15,Running,No Action Needed 
Tue 11/05/2024 17:34:02.19,Running,No Action Needed 
Tue 11/05/2024 17:39:03.21,Running,No Action Needed 
Tue 11/05/2024 17:44:04.18,Running,No Action Needed 
Tue 11/05/2024 17:49:06.21,Running,No Action Needed 
Tue 11/05/2024 17:54:07.17,Running,No Action Needed 
Tue 11/05/2024 17:59:08.22,Running,No Action Needed 
Tue 11/05/2024 18:04:09.20,Running,No Action Needed 
Tue 11/05/2024 18:09:10.16,Running,No Action Needed 
Tue 11/05/2024 18:14:11.12,Running,No Action Needed 
Tue 11/05/2024 18:19:12.22,Running,No Action Needed 
Tue 11/05/2024 18:24:13.16,Running,No Action Needed 
Tue 11/05/2024 18:29:14.18,Running,No Action Needed 
Tue 11/05/2024 18:34:15.19,Running,No Action Needed 
Tue 11/05/2024 18:39:16.12,Running,No Action Needed 
Tue 11/05/2024 18:44:17.20,Running,No Action Needed 
Tue 11/05/2024 18:49:19.14,Running,No Action Needed 
Tue 11/05/2024 18:54:20.15,Running,No Action Needed 
Tue 11/05/2024 18:59:21.16,Running,No Action Needed 
Tue 11/05/2024 19:04:22.20,Running,No Action Needed 
Tue 11/05/2024 19:09:23.13,Running,No Action Needed 
Tue 11/05/2024 19:14:24.12,Running,No Action Needed 
Tue 11/05/2024 19:19:25.19,Running,No Action Needed 
Tue 11/05/2024 19:24:27.15,Running,No Action Needed 
Tue 11/05/2024 19:29:30.21,Running,No Action Needed 
Tue 11/05/2024 19:34:31.11,Running,No Action Needed 
Tue 11/05/2024 19:39:32.22,Running,No Action Needed 
Tue 11/05/2024 19:44:33.13,Running,No Action Needed 
Tue 11/05/2024 19:49:34.20,Running,No Action Needed 
Tue 11/05/2024 19:54:35.17,Running,No Action Needed 
Tue 11/05/2024 19:59:36.18,Running,No Action Needed 
Tue 11/05/2024 20:04:37.12,Running,No Action Needed 
Tue 11/05/2024 20:09:38.15,Running,No Action Needed 
Tue 11/05/2024 20:14:39.19,Running,No Action Needed 
Tue 11/05/2024 20:19:41.12,Running,No Action Needed 
Tue 11/05/2024 20:24:42.16,Running,No Action Needed 
Tue 11/05/2024 20:29:43.19,Running,No Action Needed 
Tue 11/05/2024 20:34:44.12,Running,No Action Needed 
Tue 11/05/2024 20:39:45.18,Running,No Action Needed 
Tue 11/05/2024 20:44:46.14,Running,No Action Needed 
Tue 11/05/2024 20:49:47.17,Running,No Action Needed 
Tue 11/05/2024 20:54:49.14,Running,No Action Needed 
Tue 11/05/2024 20:59:50.19,Running,No Action Needed 
Tue 11/05/2024 21:04:51.12,Running,No Action Needed 
Tue 11/05/2024 21:09:53.14,Running,No Action Needed 
Tue 11/05/2024 21:14:54.16,Running,No Action Needed 
Tue 11/05/2024 21:19:55.20,Running,No Action Needed 
Tue 11/05/2024 21:24:56.12,Running,No Action Needed 
Tue 11/05/2024 21:29:57.16,Running,No Action Needed 
Tue 11/05/2024 21:34:58.21,Running,No Action Needed 
Tue 11/05/2024 21:39:59.18,Running,No Action Needed 
Tue 11/05/2024 21:45:00.14,Running,No Action Needed 
Tue 11/05/2024 21:50:01.22,Running,No Action Needed 
Tue 11/05/2024 21:55:02.19,Running,No Action Needed 
Tue 11/05/2024 22:00:03.16,Running,No Action Needed 
Tue 11/05/2024 22:05:04.11,Running,No Action Needed 
Tue 11/05/2024 22:10:05.12,Running,No Action Needed 
Tue 11/05/2024 22:15:06.12,Running,No Action Needed 
Tue 11/05/2024 22:20:07.13,Running,No Action Needed 
Tue 11/05/2024 22:25:08.15,Running,No Action Needed 
Tue 11/05/2024 22:30:09.16,Running,No Action Needed 
Tue 11/05/2024 22:35:10.16,Running,No Action Needed 
Tue 11/05/2024 22:40:12.17,Running,No Action Needed 
Tue 11/05/2024 22:45:13.15,Running,No Action Needed 
Tue 11/05/2024 22:50:14.16,Running,No Action Needed 
Tue 11/05/2024 22:55:15.18,Running,No Action Needed 
Tue 11/05/2024 23:00:16.14,Running,No Action Needed 
Tue 11/05/2024 23:05:17.20,Running,No Action Needed 
Tue 11/05/2024 23:10:18.12,Running,No Action Needed 
Tue 11/05/2024 23:15:19.13,Running,No Action Needed 
Tue 11/05/2024 23:20:20.12,Running,No Action Needed 
Tue 11/05/2024 23:25:23.12,Running,No Action Needed 
Tue 11/05/2024 23:30:24.15,Running,No Action Needed 
Tue 11/05/2024 23:35:25.18,Running,No Action Needed 
Tue 11/05/2024 23:40:26.12,Running,No Action Needed 
Tue 11/05/2024 23:45:27.19,Running,No Action Needed 
Tue 11/05/2024 23:50:28.16,Running,No Action Needed 
Tue 11/05/2024 23:55:29.12,Running,No Action Needed 
Wed 11/06/2024 00:00:30.15,Running,No Action Needed 
Wed 11/06/2024 00:05:31.15,Running,No Action Needed 
Wed 11/06/2024 00:10:32.18,Running,No Action Needed 
Wed 11/06/2024 00:15:33.21,Running,No Action Needed 
Wed 11/06/2024 00:20:34.16,Running,No Action Needed 
Wed 11/06/2024 00:25:35.19,Running,No Action Needed 
Wed 11/06/2024 00:30:36.16,Running,No Action Needed 
Wed 11/06/2024 00:35:37.13,Running,No Action Needed 
Wed 11/06/2024 00:40:38.20,Running,No Action Needed 
Wed 11/06/2024 00:45:39.13,Running,No Action Needed 
Wed 11/06/2024 00:50:40.18,Running,No Action Needed 
Wed 11/06/2024 00:55:41.17,Running,No Action Needed 
Wed 11/06/2024 01:00:42.19,Running,No Action Needed 
Wed 11/06/2024 01:05:43.19,Running,No Action Needed 
Wed 11/06/2024 01:10:44.16,Running,No Action Needed 
Wed 11/06/2024 01:15:45.18,Running,No Action Needed 
Wed 11/06/2024 01:20:46.20,Running,No Action Needed 
Wed 11/06/2024 01:25:47.21,Running,No Action Needed 
Wed 11/06/2024 01:30:48.13,Running,No Action Needed 
Wed 11/06/2024 01:35:49.22,Running,No Action Needed 
Wed 11/06/2024 01:40:50.20,Running,No Action Needed 
Wed 11/06/2024 01:45:51.12,Running,No Action Needed 
Wed 11/06/2024 01:50:52.22,Running,No Action Needed 
Wed 11/06/2024 01:55:53.23,Running,No Action Needed 
Wed 11/06/2024  2:00:54.13,Running,No Action Needed 
Wed 11/06/2024  2:05:55.19,Running,No Action Needed 
Wed 11/06/2024  2:10:56.13,Running,No Action Needed 
Wed 11/06/2024  2:15:57.14,Running,No Action Needed 
Wed 11/06/2024  2:20:58.16,Running,No Action Needed 
Wed 11/06/2024  2:25:59.21,Running,No Action Needed 
Wed 11/06/2024  2:31:00.18,Running,No Action Needed 
Wed 11/06/2024  2:36:01.19,Running,No Action Needed 
Wed 11/06/2024  2:41:02.13,Running,No Action Needed 
Wed 11/06/2024  2:46:03.19,Running,No Action Needed 
Wed 11/06/2024  2:51:04.18,Running,No Action Needed 
Wed 11/06/2024  2:56:05.20,Running,No Action Needed 
Wed 11/06/2024  3:01:06.11,Running,No Action Needed 
Wed 11/06/2024  3:06:07.18,Running,No Action Needed 
Wed 11/06/2024  3:11:08.20,Running,No Action Needed 
Wed 11/06/2024  3:16:09.28,Running,No Action Needed 
Wed 11/06/2024  3:21:10.18,Running,No Action Needed 
Wed 11/06/2024  3:26:11.22,Running,No Action Needed 
Wed 11/06/2024  3:31:12.20,Running,No Action Needed 
Wed 11/06/2024  3:36:13.20,Running,No Action Needed 
Wed 11/06/2024  3:41:14.19,Running,No Action Needed 
Wed 11/06/2024  3:46:15.24,Running,No Action Needed 
Wed 11/06/2024  3:51:17.13,Running,No Action Needed 
Wed 11/06/2024  3:56:18.22,Running,No Action Needed 
Wed 11/06/2024  4:01:19.22,Running,No Action Needed 
Wed 11/06/2024  4:06:20.20,Running,No Action Needed 
Wed 11/06/2024  4:11:21.11,Running,No Action Needed 
Wed 11/06/2024  4:16:22.16,Running,No Action Needed 
Wed 11/06/2024  4:21:23.12,Running,No Action Needed 
Wed 11/06/2024  4:26:24.21,Running,No Action Needed 
Wed 11/06/2024  4:31:25.22,Running,No Action Needed 
Wed 11/06/2024  4:36:26.15,Running,No Action Needed 
Wed 11/06/2024  4:41:27.12,Running,No Action Needed 
Wed 11/06/2024  4:46:28.14,Running,No Action Needed 
Wed 11/06/2024  4:51:29.15,Running,No Action Needed 
Wed 11/06/2024  4:56:30.22,Running,No Action Needed 
Wed 11/06/2024  5:01:31.15,Running,No Action Needed 
Wed 11/06/2024  5:06:32.18,Running,No Action Needed 
Wed 11/06/2024  5:11:33.22,Running,No Action Needed 
Wed 11/06/2024  5:16:34.17,Running,No Action Needed 
Wed 11/06/2024  5:21:35.23,Running,No Action Needed 
Wed 11/06/2024  5:26:36.11,Running,No Action Needed 
Wed 11/06/2024  5:31:37.16,Running,No Action Needed 
Wed 11/06/2024  5:36:38.21,Running,No Action Needed 
Wed 11/06/2024  5:41:39.18,Running,No Action Needed 
Wed 11/06/2024  5:46:40.19,Running,No Action Needed 
Wed 11/06/2024  5:51:41.12,Running,No Action Needed 
Wed 11/06/2024  5:56:42.15,Running,No Action Needed 
Wed 11/06/2024  6:01:43.19,Running,No Action Needed 
